OGNTsort	OGNTa	RMAC
000314	ἐβουλήθη	V-AOI-3S
000321	ἐνθυμηθέντος	V-AOP-GSM
000334	φοβηθῇς	V-AOS-2S
000349	τέξεται	V-FDI-3S
000389	τέξεται	V-FDI-3S
000497	ἐπυνθάνετο	V-INI-3S
000533	ἐξελεύσεται	V-FDI-3S
000534	ἡγούμενος	V-PNP-NSM
000562	Πορευθέντες	V-AOP-NPM
000583	ἐπορεύθησαν	V-AOI-3P
000825	πορεύου	V-PNM-2S
000864	ἐφοβήθη	V-AOI-3S
000899	παραγίνεται	V-PNI-3S
000970	ἐξεπορεύετο	V-INI-3S
001003	ἐρχομένους	V-PNP-APM
001040	δύναται	V-PNI-3S
001060	κεῖται	V-PNI-3S
001085	ἐρχόμενος	V-PNP-NSM
001131	παραγίνεται	V-PNI-3S
001161	ἔρχῃ	V-PNI-2S
001164	Ἀποκριθεὶς	V-AOP-NSM
001209	ἐρχόμενον	V-PNP-ASN
001272	ἀποκριθεὶς	V-AOP-NSM
001279	ζήσεται	V-FDI-3S
001286	ἐκπορευομένῳ	V-PNP-DSN
001324	ἐντελεῖται	V-FNI-3S
001462	καθήμενος	V-PNP-NSM
001470	καθημένοις	V-PNP-DPM
001481	ἤρξατο	V-ADI-3S
001632	δαιμονιζομένους	V-PNP-APM
001634	σεληνιαζομένους	V-PNP-APM
001733	ὄψονται	V-FDI-3P
001767	ψευδόμενοι	V-PNP-NPM
001772	ἀγαλλιᾶσθε	V-PNM-2P
001822	δύναται	V-PNI-3S
001827	κειμένη	V-PNP-NSF
001984	ἔσται	V-FDI-3S
001999	ἔσται	V-FDI-3S
002011	ἔσται	V-FDI-3S
002020	ἔσται	V-FDI-3S
002233	μοιχᾶται	V-PNI-3S
002292	δύνασαι	V-PNI-2S
002406	προσεύχεσθε	V-PNM-2P
002453	ἀσπάσησθε	V-ADS-2P
002468	Ἔσεσθε	V-FDI-2P
002575	προσεύχησθε	V-PNS-2P
002577	ἔσεσθε	V-FDI-2P
002593	προσεύχεσθαι	V-PNN
002608	προσεύχῃ	V-PNS-2S
002619	πρόσευξαι	V-ADM-2S
002638	Προσευχόμενοι	V-PNP-NPM
002672	προσεύχεσθε	V-PNM-2P
002688	Γενηθήτω	V-AOM-3S
002726	ῥῦσαι	V-ADM-2S
002765	γίνεσθε	V-PNM-2P
002868	ἔσται	V-FDI-3S
002892	ἔσται	V-FDI-3S
002905	ἔσται	V-FDI-3S
002919	δύναται	V-PNI-3S
002934	ἀνθέξεται	V-FDI-3S
002940	δύνασθε	V-PNI-2P
003010	δύναται	V-PNI-3S
003359	εἰσερχόμενοι	V-PNP-NPM
003386	ἔρχονται	V-PNI-3P
003401	ἐπιγνώσεσθε	V-FDI-2P
003427	δύναται	V-PNI-3S
003456	ἐπιγνώσεσθε	V-FDI-2P
003465	εἰσελεύσεται	V-FDI-3S
003522	ἐργαζόμενοι	V-PNP-VPM
003669	δύνασαί	V-PNI-2S
003676	ἥψατο	V-ADI-3S
003742	ἀποκριθεὶς	V-AOP-NSM
003779	Πορεύθητι	V-AOM-2S
003781	πορεύεται	V-PNI-3S
003784	Ἔρχου	V-PNM-2S
003786	ἔρχεται	V-PNI-3S
003850	ἔσται	V-FDI-3S
003867	γενηθήτω	V-AOM-3S
003894	ἥψατο	V-ADI-3S
003913	δαιμονιζομένους	V-PNP-APM
003967	ἀπέρχῃ	V-PNS-2S
004113	δαιμονιζόμενοι	V-PNP-NPM
004117	ἐξερχόμενοι	V-PNP-NPM
004213	δαιμονιζομένων	V-PNP-GPM
004288	ἐνθυμεῖσθε	V-PNI-2P
004349	ἐφοβήθησαν	V-AOI-3P
004367	καθήμενον	V-PNP-ASM
004385	ἀνακειμένου	V-PNP-GSM
004396	συνανέκειντο	V-INI-3P
004436	πορευθέντες	V-AOP-NPM
004454	προσέρχονται	V-PNI-3P
004480	δύνανται	V-PNI-3P
004493	ἐλεύσονται	V-FDI-3P
004525	γίνεται	V-PNI-3S
004584	ζήσεται	V-FDI-3S
004603	ἥψατο	V-ADI-3S
004728	δύναμαι	V-PNI-1S
004736	ἥψατο	V-ADI-3S
004745	γενηθήτω	V-AOM-3S
004753	ἐνεβριμήθη	V-AOI-3S
004773	ἐξερχομένων	V-PNP-GPM
004779	δαιμονιζόμενον	V-PNP-ASM
004842	ἐσπλαγχνίσθη	V-AOI-3S
004868	δεήθητε	V-AOM-2P
004882	προσκαλεσάμενος	V-ADP-NSM
004975	πορεύεσθε	V-PNM-2P
004985	πορευόμενοι	V-PNP-NPM
005008	κτήσησθε	V-ADS-2P
005055	εἰσερχόμενοι	V-PNP-NPM
005060	ἀσπάσασθε	V-ADM-2P
005090	δέξηται	V-ADS-3S
005097	ἐξερχόμενοι	V-PNP-NPM
005115	ἔσται	V-FDI-3S
005136	γίνεσθε	V-PNM-2P
005224	ἐπαναστήσονται	V-FDI-3P
005232	ἔσεσθε	V-FDI-2P
005317	φοβηθῆτε	V-AOM-2P
005353	φοβεῖσθε	V-PNM-2P
005363	δυναμένων	V-PNP-GPM
005365	φοβεῖσθε	V-PNM-2P
005369	δυνάμενον	V-PNP-ASM
005387	πεσεῖται	V-FDI-3S
005407	φοβεῖσθε	V-PNM-2P
005436	ἀρνήσηταί	V-ADS-3S
005441	ἀρνήσομαι	V-FDI-1S
005550	δεχόμενος	V-PNP-NSM
005553	δέχεται	V-PNI-3S
005557	δεχόμενος	V-PNP-NSM
005558	δέχεται	V-PNI-3S
005563	δεχόμενος	V-PNP-NSM
005570	λήμψεται	V-FDI-3S
005573	δεχόμενος	V-PNP-NSM
005580	λήμψεται	V-FDI-3S
005646	ἐρχόμενος	V-PNP-NSM
005651	ἀποκριθεὶς	V-AOP-NSM
005656	Πορευθέντες	V-AOP-NPM
005690	πορευομένων	V-PNP-GPM
005691	ἤρξατο	V-ADI-3S
005704	θεάσασθαι	V-ADN
005814	δέξασθαι	V-ADN
005820	ἔρχεσθαι	V-PNN
005834	καθημένοις	V-PNP-DPN
005847	ὠρχήσασθε	V-ADI-2P
005891	ἤρξατο	V-ADI-3S
005938	ἔσται	V-FDI-3S
005953	καταβήσῃ	V-FDI-2S
005977	ἔσται	V-FDI-3S
005987	ἀποκριθεὶς	V-AOP-NSM
006048	βούληται	V-PNS-3S
006101	ἐπορεύθη	V-AOI-3S
006115	ἤρξαντο	V-ADI-3P
006264	ἔσται	V-FDI-3S
006419	δαιμονιζόμενος	V-PNP-NSM
006520	ἔσονται	V-FDI-3P
006541	δύναταί	V-PNI-3S
006662	δύνασθε	V-PNI-2P
006726	ἀπεκρίθησαν	V-ADI-3P
006742	ἀποκριθεὶς	V-AOP-NSM
006778	ἔσται	V-FDI-3S
006855	διέρχεται	V-PNI-3S
006881	πορεύεται	V-PNI-3S
006896	γίνεται	V-PNI-3S
006906	ἔσται	V-FDI-3S
006949	ἀποκριθεὶς	V-AOP-NSM
007012	ἐκάθητο	V-INI-3S
007027	καθῆσθαι	V-PNN
007148	ἀποκριθεὶς	V-AOP-NSM
007251	ἰάσομαι	V-FDI-1S
007305	ἔρχεται	V-PNI-3S
007387	γίνεται	V-PNI-3S
007590	γίνεται	V-PNI-3S
007656	ἐρεύξομαι	V-FDI-1S
007686	ἀποκριθεὶς	V-AOP-NSM
007751	ἔσται	V-FDI-3S
007788	ἔσται	V-FDI-3S
007906	ἔσται	V-FDI-3S
007912	ἐξελεύσονται	V-FDI-3P
007932	ἔσται	V-FDI-3S
008147	ἐφοβήθη	V-AOI-3S
008160	ὠρχήσατο	V-ADI-3S
008208	συνανακειμένους	V-PNP-APM
008280	ἐσπλαγχνίσθη	V-AOI-3S
008438	προσεύξασθαι	V-ADN
008506	φοβεῖσθε	V-PNM-2P
008507	Ἀποκριθεὶς	V-AOP-NSM
008550	ἐφοβήθη	V-AOI-3S
008638	ἥψαντο	V-ADI-3P
008641	προσέρχονται	V-PNI-3P
008671	ἀποκριθεὶς	V-AOP-NSM
008762	σέβονταί	V-PNI-3P
008769	προσκαλεσάμενος	V-ADP-NSM
008779	εἰσερχόμενον	V-PNP-NSN
008788	ἐκπορευόμενον	V-PNP-NSN
008812	ἀποκριθεὶς	V-AOP-NSM
008839	πεσοῦνται	V-FNI-3P
008840	Ἀποκριθεὶς	V-AOP-NSM
008864	εἰσπορευόμενον	V-PNP-NSN
008878	ἐκπορευόμενα	V-PNP-NPN
008885	ἐξέρχεται	V-PNI-3S
008894	ἐξέρχονται	V-PNI-3P
008950	δαιμονίζεται	V-PNI-3S
008954	ἀπεκρίθη	V-ADI-3S
008973	ἀποκριθεὶς	V-AOP-NSM
008997	ἀποκριθεὶς	V-AOP-NSM
009033	ἀποκριθεὶς	V-AOP-NSM
009044	γενηθήτω	V-AOM-3S
009073	ἐκάθητο	V-INI-3S
009123	προσκαλεσάμενος	V-ADP-NSM
009128	Σπλαγχνίζομαι	V-PNI-1S
009266	ἀποκριθεὶς	V-AOP-NSM
009299	δύνασθε	V-PNI-2P
009347	διελογίζοντο	V-INI-3P
009361	διαλογίζεσθε	V-PNI-2P
009479	Ἀποκριθεὶς	V-AOP-NSM
009494	Ἀποκριθεὶς	V-AOP-NSM
009557	ἔσται	V-FDI-3S
009569	ἔσται	V-FDI-3S
009588	ἤρξατο	V-ADI-3S
009623	ἤρξατο	V-ADI-3S
009632	ἔσται	V-FDI-3S
009671	ἀπαρνησάσθω	V-ADM-3S
009730	ἔρχεσθαι	V-PNN
009761	γεύσωνται	V-ADS-3P
009770	ἐρχόμενον	V-PNP-ASM
009830	ἀποκριθεὶς	V-AOP-NSM
009893	ἐφοβήθησαν	V-AOI-3P
009906	φοβεῖσθε	V-PNM-2P
009925	ἐνετείλατο	V-ADI-3S
009961	ἀποκριθεὶς	V-AOP-NSM
009965	ἔρχεται	V-PNI-3S
010025	σεληνιάζεται	V-PNI-3S
010048	ἠδυνήθησαν	V-AOI-3P
010051	Ἀποκριθεὶς	V-AOP-NSM
010065	ἔσομαι	V-FDI-1S
010068	ἀνέξομαι	V-FDI-1S
010106	ἠδυνήθημεν	V-AOI-1P
010135	μεταβήσεται	V-FDI-3S
010245	πορευθεὶς	V-AOP-NSM
010291	προσκαλεσάμενος	V-ADP-NSM
010339	δέξηται	V-ADS-3S
010348	δέχεται	V-PNI-3S
010397	ἔρχεται	V-PNI-3S
010519	πορευθεὶς	V-AOP-NSM
010635	ἔσται	V-FDI-3S
010646	ἔσται	V-FDI-3S
010669	γενήσεται	V-FDI-3S
010789	Σπλαγχνισθεὶς	V-AOP-NSM
010874	προσκαλεσάμενος	V-ADP-NSM
010991	ἀποκριθεὶς	V-AOP-NSM
011022	ἔσονται	V-FDI-3P
011048	ἐνετείλατο	V-ADI-3S
011091	μοιχᾶται	V-PNI-3S
011152	δυνάμενος	V-PNP-NSM
011165	προσεύξηται	V-ADS-3S
011198	ἐπορεύθη	V-AOI-3S
011329	εἰσελεύσεται	V-FDI-3S
011363	δύναται	V-PNI-3S
011382	ἀποκριθεὶς	V-AOP-NSM
011396	ἔσται	V-FDI-3S
011424	καθήσεσθε	V-FDI-2P
011458	λήμψεται	V-FDI-3S
011465	ἔσονται	V-FDI-3P
011621	λήμψονται	V-FDI-3P
011658	ἀποκριθεὶς	V-AOP-NSM
011705	ἔσονται	V-FDI-3P
011813	Ἀποκριθεὶς	V-AOP-NSM
011822	δύνασθε	V-PNI-2P
011832	Δυνάμεθα	V-PNI-1P
011839	πίεσθε	V-FDI-2P
011873	προσκαλεσάμενος	V-ADP-NSM
011891	ἔσται	V-FDI-3S
011902	ἔσται	V-FDI-3S
011913	ἔσται	V-FDI-3S
011935	ἐκπορευομένων	V-PNP-GPM
011947	καθήμενοι	V-PNP-NPM
011999	Σπλαγχνισθεὶς	V-AOP-NSM
012003	ἥψατο	V-ADI-3S
012034	Πορεύεσθε	V-PNM-2P
012089	ἔρχεταί	V-PNI-3S
012101	Πορευθέντες	V-AOP-NPM
012168	ἐρχόμενος	V-PNP-NSM
012319	ηὐλίσθη	V-AOI-3S
012374	Ἀποκριθεὶς	V-AOP-NSM
012407	γενήσεται	V-FDI-3S
012417	λήμψεσθε	V-FDI-2P
012447	Ἀποκριθεὶς	V-AOP-NSM
012483	διελογίζοντο	V-INI-3P
012504	φοβούμεθα	V-PNI-1P
012515	ἀποκριθέντες	V-AOP-NPM
012550	ἐργάζου	V-PNM-2S
012556	ἀποκριθεὶς	V-AOP-NSM
012562	μεταμεληθεὶς	V-AOP-NSM
012572	ἀποκριθεὶς	V-AOP-NSM
012635	μετεμελήθητε	V-AOI-2P
012776	ἐκδώσεται	V-FDI-3S
012870	ἐφοβήθησαν	V-AOI-3P
012879	ἀποκριθεὶς	V-AOP-NSM
013003	πορεύεσθε	V-PNM-2P
013038	ἀνακειμένων	V-PNP-GPM
013043	θεάσασθαι	V-ADN
013045	ἀνακειμένους	V-PNP-APM
013086	ἔσται	V-FDI-3S
013102	πορευθέντες	V-AOP-NPM
013298	ἔσται	V-FDI-3S
013304	Ἀποκριθεὶς	V-AOP-NSM
013499	Κάθου	V-PNM-2S
013525	ἐδύνατο	V-INI-3S
013526	ἀποκριθῆναι	V-AON
013694	ἔσται	V-FDI-3S
013726	εἰσέρχεσθε	V-PNI-2P
013729	εἰσερχομένους	V-PNP-APM
013874	καθημένῳ	V-PNP-DSM
014190	ἐρχόμενος	V-PNP-NSM
014201	ἐπορεύετο	V-INI-3S
014215	ἀποκριθεὶς	V-AOP-NSM
014235	Καθημένου	V-PNP-GSM
014254	ἔσται	V-FDI-3S
014267	ἀποκριθεὶς	V-AOP-NSM
014279	ἐλεύσονται	V-FDI-3P
014320	ἔσονται	V-FDI-3P
014340	ἔσεσθε	V-FDI-2P
014472	προσεύχεσθε	V-PNM-2P
014483	ἔσται	V-FDI-3S
014576	ἐξέρχεται	V-PNI-3S
014584	ἔσται	V-FDI-3S
014622	πεσοῦνται	V-FNI-3P
014645	κόψονται	V-FDI-3P
014652	ὄψονται	V-FDI-3P
014657	ἐρχόμενον	V-PNP-ASM
014748	παρελεύσεται	V-FDI-3S
014785	ἔσται	V-FDI-3S
014828	ἔσται	V-FDI-3S
014838	ἔσονται	V-FDI-3P
014867	ἔρχεται	V-PNI-3S
014880	ἔρχεται	V-PNI-3S
014895	γίνεσθε	V-PNM-2P
014906	ἔρχεται	V-PNI-3S
015010	ἔσται	V-FDI-3S
015085	ἐξέρχεσθε	V-PNM-2P
015117	Ἀπεκρίθησαν	V-ADI-3P
015129	πορεύεσθε	V-PNM-2P
015137	Ἀπερχομένων	V-PNP-GPF
015159	ἔρχονται	V-PNI-3P
015171	ἀποκριθεὶς	V-AOP-NSM
015223	Πορευθεὶς	V-AOP-NSM
015229	ἠργάσατο	V-ADI-3S
015262	ἔρχεται	V-PNI-3S
015389	φοβηθεὶς	V-AOP-NSM
015402	Ἀποκριθεὶς	V-AOP-NSM
015483	ἔσται	V-FDI-3S
015601	ἀποκριθήσονται	V-FOI-3P
015641	ἀποκριθεὶς	V-AOP-NSM
015667	Πορεύεσθε	V-PNM-2P
015717	ἀποκριθήσονται	V-FOI-3P
015742	ἀποκριθήσεται	V-FOI-3S
015760	ἀπελεύσονται	V-FDI-3P
015792	γίνεται	V-PNI-3S
015865	ἀνακειμένου	V-PNP-GSM
015877	ἐδύνατο	V-INI-3S
015899	ἠργάσατο	V-ADI-3S
015951	πορευθεὶς	V-AOP-NSM
016049	ἀνέκειτο	V-INI-3S
016069	ἤρξαντο	V-ADI-3P
016080	ἀποκριθεὶς	V-AOP-NSM
016125	Ἀποκριθεὶς	V-AOP-NSM
016262	Ἀποκριθεὶς	V-AOP-NSM
016292	ἀπαρνήσῃ	V-FDI-2S
016307	ἀπαρνήσομαι	V-FDI-1S
016315	ἔρχεται	V-PNI-3S
016334	προσεύξωμαι	V-ADS-1S
016344	ἤρξατο	V-ADI-3S
016371	προσευχόμενος	V-PNP-NSM
016394	ἔρχεται	V-PNI-3S
016416	προσεύχεσθε	V-PNM-2P
016434	προσηύξατο	V-ADI-3S
016440	δύναται	V-PNI-3S
016447	γενηθήτω	V-AOM-3S
016468	προσηύξατο	V-ADI-3S
016477	ἔρχεται	V-PNI-3S
016629	δύναμαι	V-PNI-1S
016675	ἐκαθεζόμην	V-INI-1S
016730	ἐκάθητο	V-INI-3S
016765	Δύναμαι	V-PNI-1S
016783	ἀποκρίνῃ	V-PNI-2S
016827	ὄψεσθε	V-FDI-2P
016832	καθήμενον	V-PNP-ASM
016838	ἐρχόμενον	V-PNP-ASM
016868	ἀποκριθέντες	V-AOP-NPM
016897	ἐκάθητο	V-INI-3S
016917	ἠρνήσατο	V-ADI-3S
016945	ἠρνήσατο	V-ADI-3S
016977	ἤρξατο	V-ADI-3S
017003	ἀπαρνήσῃ	V-FDI-2S
017046	μεταμεληθεὶς	V-AOP-NSM
017067	ὄψῃ	V-FDI-2S
017192	ἀπεκρίνατο	V-ADI-3S
017205	ἀπεκρίθη	V-ADI-3S
017263	Καθημένου	V-PNP-GSM
017307	Ἀποκριθεὶς	V-AOP-NSM
017362	γίνεται	V-PNI-3S
017379	ὄψεσθε	V-FDI-2P
017381	ἀποκριθεὶς	V-AOP-NSM
017492	Ἐξερχόμενοι	V-PNP-NPM
017525	γευσάμενος	V-ADP-NSM
017539	καθήμενοι	V-PNP-NPM
017575	παραπορευόμενοι	V-PNP-NPM
017620	δύναται	V-PNI-3S
017638	ῥυσάσθω	V-ADM-3S
017733	ἔρχεται	V-PNI-3S
017812	ἐφοβήθησαν	V-AOI-3P
017930	καθήμεναι	V-PNP-NPF
017989	ἔσται	V-FDI-3S
018003	ἀσφαλίσασθε	V-ADM-2P
018008	πορευθέντες	V-AOP-NPM
018009	ἠσφαλίσαντο	V-ADI-3P
018054	ἐκάθητο	V-INI-3S
018083	Ἀποκριθεὶς	V-AOP-NSM
018091	φοβεῖσθε	V-PNM-2P
018112	ἔκειτο	V-INI-3S
018115	πορευθεῖσαι	V-AOP-NPF
018134	ὄψεσθε	V-FDI-2P
018177	φοβεῖσθε	V-PNM-2P
018190	ὄψονται	V-FDI-3P
018191	Πορευομένων	V-PNP-GPF
018270	ἐπορεύθησαν	V-AOI-3P
018306	πορευθέντες	V-AOP-NPM
018331	ἐνετειλάμην	V-ADI-1S
018403	ἐξεπορεύετο	V-INI-3S
018449	Ἔρχεται	V-PNI-3S
018678	εἰσπορεύονται	V-PNI-3P
018822	κατέκειτο	V-INI-3S
018861	δαιμονιζομένους	V-PNP-APM
018903	προσηύχετο	V-INI-3S
018955	ἔρχεται	V-PNI-3S
018969	δύνασαί	V-PNI-2S
018973	σπλαγχνισθεὶς	V-AOP-NSM
018978	ἥψατο	V-ADI-3S
018994	ἐμβριμησάμενος	V-ADP-NSM
019027	ἤρξατο	V-ADI-3S
019037	δύνασθαι	V-PNN
019049	ἤρχοντο	V-INI-3P
019082	ἔρχονται	V-PNI-3P
019092	δυνάμενοι	V-PNP-NPM
019111	κατέκειτο	V-INI-3S
019133	καθήμενοι	V-PNP-NPM
019135	διαλογιζόμενοι	V-PNP-NPM
019146	δύναται	V-PNI-3S
019164	διαλογίζονται	V-PNI-3P
019171	διαλογίζεσθε	V-PNI-2P
019259	ἤρχετο	V-INI-3S
019272	καθήμενον	V-PNP-ASM
019286	γίνεται	V-PNI-3S
019287	κατακεῖσθαι	V-PNN
019298	συνανέκειντο	V-INI-3P
019368	ἔρχονται	V-PNI-3P
019395	δύνανται	V-PNI-3P
019416	δύνανται	V-PNI-3P
019418	ἐλεύσονται	V-FDI-3P
019457	γίνεται	V-PNI-3S
019493	παραπορεύεσθαι	V-PNN
019501	ἤρξαντο	V-ADI-3P
019655	συλλυπούμενος	V-PNP-NSM
019799	προσκαλεῖται	V-PNI-3S
019888	ἔρχεται	V-PNI-3S
019892	συνέρχεται	V-PNI-3S
019898	δύνασθαι	V-PNN
019937	προσκαλεσάμενος	V-ADP-NSM
019944	δύναται	V-PNI-3S
019955	δύναται	V-PNI-3S
019967	δυνήσεται	V-FDI-3S
019982	δύναται	V-PNI-3S
019989	δύναται	V-PNI-3S
020057	ἔρχονται	V-PNI-3P
020074	ἐκάθητο	V-INI-3S
020097	ἀποκριθεὶς	V-AOP-NSM
020115	καθημένους	V-PNP-APM
020143	ἤρξατο	V-ADI-3S
020159	καθῆσθαι	V-PNN
020326	γίνεται	V-PNI-3S
020357	γνώσεσθε	V-FDI-2P
020378	ἔρχεται	V-PNI-3S
020456	εἰσπορευόμεναι	V-PNP-NPF
020462	γίνεται	V-PNI-3S
020478	παραδέχονται	V-PNI-3P
020493	ἔρχεται	V-PNI-3S
020660	γίνεται	V-PNI-3S
020670	δύνασθαι	V-PNN
020689	ἠδύναντο	V-INI-3P
020736	γίνεται	V-PNI-3S
020803	ἐφοβήθησαν	V-AOI-3P
020863	ἐδύνατο	V-INI-3S
021052	ἔρχονται	V-PNI-3P
021059	δαιμονιζόμενον	V-PNP-ASM
021060	καθήμενον	V-PNP-ASM
021069	ἐφοβήθησαν	V-AOI-3P
021071	διηγήσαντο	V-ADI-3P
021078	δαιμονιζομένῳ	V-PNP-DSM
021084	ἤρξαντο	V-ADI-3P
021101	δαιμονισθεὶς	V-AOP-NSM
021135	ἤρξατο	V-ADI-3S
021170	ἔρχεται	V-PNI-3S
021255	ἥψατο	V-ADI-3S
021305	ἥψατο	V-ADI-3S
021323	ἥψατο	V-ADI-3S
021333	φοβηθεῖσα	V-AOP-NSF
021373	ἔρχονται	V-PNI-3P
021399	φοβοῦ	V-PNM-2S
021421	ἔρχονται	V-PNI-3P
021469	εἰσπορεύεται	V-PNI-3S
021525	ἔρχεται	V-PNI-3S
021539	ἤρξατο	V-ADI-3S
021567	γινόμεναι	V-PNP-NPF
021627	ἐδύνατο	V-INI-3S
021653	προσκαλεῖται	V-PNI-3S
021657	ἤρξατο	V-ADI-3S
021718	δέξηται	V-ADS-3S
021723	ἐκπορευόμενοι	V-PNP-NPM
021857	ἠδύνατο	V-INI-3S
021861	ἐφοβεῖτο	V-INI-3S
021911	ὀρχησαμένης	V-ADP-GSF
021917	συνανακειμένοις	V-PNP-DPM
021995	ἀνακειμένους	V-PNP-APM
022087	ἐρχόμενοι	V-PNP-NPM
022130	ἐσπλαγχνίσθη	V-AOI-3S
022141	ἤρξατο	V-ADI-3S
022181	ἀποκριθεὶς	V-AOP-NSM
022320	προσεύξασθαι	V-ADN
022355	ἔρχεται	V-PNI-3S
022399	φοβεῖσθε	V-PNM-2P
022455	ἤρξαντο	V-ADI-3P
022470	εἰσεπορεύετο	V-INI-3S
022499	ἥψαντο	V-ADI-3P
022630	σέβονταί	V-PNI-3P
022725	προσκαλεσάμενος	V-ADP-NSM
022741	εἰσπορευόμενον	V-PNP-NSN
022745	δύναται	V-PNI-3S
022753	ἐκπορευόμενά	V-PNP-NPN
022788	εἰσπορευόμενον	V-PNP-NSN
022793	δύναται	V-PNI-3S
022798	εἰσπορεύεται	V-PNI-3S
022811	ἐκπορεύεται	V-PNI-3S
022823	ἐκπορευόμενον	V-PNP-NSN
022839	ἐκπορεύονται	V-PNI-3P
022858	ἐκπορεύεται	V-PNI-3S
022880	ἠδυνήθη	V-AOI-3S
022943	ἀπεκρίθη	V-ADI-3S
023044	ἥψατο	V-ADI-3S
023120	προσκαλεσάμενος	V-ADP-NSM
023125	Σπλαγχνίζομαι	V-PNI-1S
023159	ἀπεκρίθησαν	V-ADI-3P
023167	δυνήσεταί	V-FDI-3S
023258	ἤρξαντο	V-ADI-3P
023332	διελογίζοντο	V-INI-3P
023344	διαλογίζεσθε	V-PNI-2P
023407	ἔρχονται	V-PNI-3P
023544	Ἀποκριθεὶς	V-AOP-NSM
023562	ἤρξατο	V-ADI-3S
023601	ἤρξατο	V-ADI-3S
023631	προσκαλεσάμενος	V-ADP-NSM
023646	ἀπαρνησάσθω	V-ADM-3S
023704	ἐπαισχυνθῇ	V-AOS-3S
023723	ἐπαισχυνθήσεται	V-FOI-3S
023753	γεύσωνται	V-ADS-3P
023807	δύναται	V-PNI-3S
023822	ἀποκριθεὶς	V-AOP-NSM
023850	ἀποκριθῇ	V-AOS-3S
023898	διηγήσωνται	V-ADS-3P
023999	ἠσπάζοντο	V-INI-3P
024009	ἀπεκρίθη	V-ADI-3S
024053	ἀποκριθεὶς	V-AOP-NSM
024063	ἔσομαι	V-FDI-1S
024066	ἀνέξομαι	V-FDI-1S
024125	δύνῃ	V-PNI-2S
024128	σπλαγχνισθεὶς	V-AOP-NSM
024138	δύνῃ	V-PNI-2S
024227	ἠδυνήθημεν	V-AOI-1P
024238	δύναται	V-PNI-3S
024246	παρεπορεύοντο	V-INI-3P
024288	ἐφοβοῦντο	V-INI-3P
024306	διελογίζεσθε	V-INI-2P
024313	διελέχθησαν	V-AOI-3P
024332	ἔσται	V-FDI-3S
024347	ἐναγκαλισάμενος	V-ADP-NSM
024357	δέξηται	V-ADS-3S
024363	δέχεται	V-PNI-3S
024368	δέχηται	V-PNS-3S
024371	δέχεται	V-PNI-3S
024414	δυνήσεται	V-FDI-3S
024466	περίκειται	V-PNI-3S
024601	ἔρχεται	V-PNI-3S
024612	συμπορεύονται	V-PNI-3P
024637	ἀποκριθεὶς	V-AOP-NSM
024642	ἐνετείλατο	V-ADI-3S
024694	ἔσονται	V-FDI-3P
024738	μοιχᾶται	V-PNI-3S
024750	μοιχᾶται	V-PNI-3S
024774	ἔρχεσθαι	V-PNN
024794	δέξηται	V-ADS-3S
024807	ἐναγκαλισάμενος	V-ADP-NSM
024816	ἐκπορευομένου	V-PNP-GSM
024944	εἰσελεύσονται	V-FDI-3P
024957	ἀποκριθεὶς	V-AOP-NSM
024996	δύναται	V-PNI-3S
025016	Ἤρξατο	V-ADI-3S
025084	ἐρχομένῳ	V-PNP-DSM
025089	ἔσονται	V-FDI-3P
025115	ἐφοβοῦντο	V-INI-3P
025121	ἤρξατο	V-ADI-3S
025170	προσπορεύονται	V-PNI-3P
025227	δύνασθε	V-PNI-2P
025245	Δυνάμεθα	V-PNI-1P
025256	πίεσθε	V-FDI-2P
025284	ἤρξαντο	V-ADI-3P
025291	προσκαλεσάμενος	V-ADP-NSM
025326	ἔσται	V-FDI-3S
025337	ἔσται	V-FDI-3S
025360	ἔρχονται	V-PNI-3P
025364	ἐκπορευομένου	V-PNP-GSM
025381	ἐκάθητο	V-INI-3S
025392	ἤρξατο	V-ADI-3S
025445	ἀποκριθεὶς	V-AOP-NSM
025513	εἰσπορευόμενοι	V-PNP-NPM
025630	ἐρχόμενος	V-PNP-NSM
025636	ἐρχομένη	V-PNP-NSF
025705	ἀποκριθεὶς	V-AOP-NSM
025723	ἔρχονται	V-PNI-3P
025731	ἤρξατο	V-ADI-3S
025799	ἐφοβοῦντο	V-INI-3P
025815	ἐξεπορεύοντο	V-INI-3P
025820	παραπορευόμενοι	V-PNP-NPM
025829	ἀναμνησθεὶς	V-AOP-NSM
025839	κατηράσω	V-ADI-2S
025842	ἀποκριθεὶς	V-AOP-NSM
025878	γίνεται	V-PNI-3S
025879	ἔσται	V-FDI-3S
025887	προσεύχεσθε	V-PNI-2P
025894	ἔσται	V-FDI-3S
025899	προσευχόμενοι	V-PNP-NPM
025921	ἔρχονται	V-PNI-3P
025931	ἔρχονται	V-PNI-3P
025970	ἀποκρίθητέ	V-AOM-2P
025990	ἀποκρίθητέ	V-AOM-2P
025993	διελογίζοντο	V-INI-3P
026012	ἐφοβοῦντο	V-INI-3P
026025	ἀποκριθέντες	V-AOP-NPM
026046	ἤρξατο	V-ADI-3S
026152	ἔσται	V-FDI-3S
026172	ἐλεύσεται	V-FDI-3S
026212	ἐφοβήθησαν	V-AOI-3P
026334	ἔρχονται	V-PNI-3P
026422	ἔσται	V-FDI-3S
026515	ἀπεκρίθη	V-ADI-3S
026524	Ἀπεκρίθη	V-ADI-3S
026640	ἀπεκρίθη	V-ADI-3S
026658	ἀποκριθεὶς	V-AOP-NSM
026689	Κάθου	V-PNM-2S
026759	προσευχόμενοι	V-PNP-NPM
026761	λήμψονται	V-FDI-3P
026795	προσκαλεσάμενος	V-ADP-NSM
026840	ἐκπορευομένου	V-PNP-GSM
026880	καθημένου	V-PNP-GSM
026905	ἔσται	V-FDI-3S
026918	ἤρξατο	V-ADI-3S
026927	ἐλεύσονται	V-FDI-3P
026963	ἔσονται	V-FDI-3P
026967	ἔσονται	V-FDI-3P
027046	ἐπαναστήσονται	V-FDI-3P
027054	ἔσεσθε	V-FDI-2P
027134	προσεύχεσθε	V-PNM-2P
027140	ἔσονται	V-FDI-3P
027245	ἔσονται	V-FDI-3P
027260	ὄψονται	V-FDI-3P
027265	ἐρχόμενον	V-PNP-ASM
027323	γινόμενα	V-PNP-APN
027350	παρελεύσονται	V-FDI-3P
027357	παρελεύσονται	V-FDI-3P
027410	ἐνετείλατο	V-ADI-3S
027423	ἔρχεται	V-PNI-3S
027475	ἔσται	V-FDI-3S
027490	κατακειμένου	V-PNP-GSM
027521	ἠδύνατο	V-INI-3S
027535	ἐνεβριμῶντο	V-INI-3P
027549	ἠργάσατο	V-ADI-3S
027562	δύνασθε	V-PNI-2P
027623	ἐπηγγείλαντο	V-ANI-3P
027735	ἔρχεται	V-PNI-3S
027740	ἀνακειμένων	V-PNP-GPM
027760	ἤρξαντο	V-ADI-3P
027952	ἀπαρνήσῃ	V-FDI-2S
027965	ἀπαρνήσομαι	V-FDI-1S
027972	ἔρχονται	V-PNI-3P
027987	προσεύξωμαι	V-ADS-1S
028001	ἤρξατο	V-ADI-3S
028027	προσηύχετο	V-INI-3S
028060	ἔρχεται	V-PNI-3S
028078	προσεύχεσθε	V-PNM-2P
028095	προσηύξατο	V-ADI-3S
028116	ἀποκριθῶσιν	V-AOS-3P
028119	ἔρχεται	V-PNI-3S
028157	παραγίνεται	V-PNI-3S
028235	ἀποκριθεὶς	V-AOP-NSM
028300	συνέρχονται	V-PNI-3P
028326	συνκαθήμενος	V-PNP-NSM
028411	ἀποκρίνῃ	V-PNI-2S
028422	ἀπεκρίνατο	V-ADI-3S
028447	ὄψεσθε	V-FDI-2P
028454	καθήμενον	V-PNP-ASM
028458	ἐρχόμενον	V-PNP-ASM
028492	ἤρξαντό	V-ADI-3P
028522	ἔρχεται	V-PNI-3S
028546	ἠρνήσατο	V-ADI-3S
028551	ἐπίσταμαι	V-PNI-1S
028569	ἤρξατο	V-ADI-3S
028582	ἠρνεῖτο	V-INI-3S
028602	ἤρξατο	V-ADI-3S
028638	ἀπαρνήσῃ	V-FDI-2S
028678	ἀποκριθεὶς	V-AOP-NSM
028697	ἀποκρίνῃ	V-PNI-2S
028708	ἀπεκρίθη	V-ADI-3S
028721	παρῃτοῦντο	V-INI-3P
028741	ἤρξατο	V-ADI-3S
028749	ἀπεκρίθη	V-ADI-3S
028784	ἀποκριθεὶς	V-AOP-NSM
028821	βουλόμενος	V-PNP-NSM
028865	ἤρξαντο	V-ADI-3P
028866	ἀσπάζεσθαι	V-PNN
028913	ἐρχόμενον	V-PNP-ASM
028997	παραπορευόμενοι	V-PNP-NPM
029037	δύναται	V-PNI-3S
029123	ἔρχεται	V-PNI-3S
029230	προσδεχόμενος	V-PNP-NSM
029254	προσκαλεσάμενος	V-ADP-NSM
029267	ἐδωρήσατο	V-ADI-3S
029337	ἔρχονται	V-PNI-3P
029376	καθήμενον	V-PNP-ASM
029424	ὄψεσθε	V-FDI-2P
029444	ἐφοβοῦντο	V-INI-3P
029462	πορευθεῖσα	V-AOP-NSF
029491	πορευομένοις	V-PNP-DPM
029504	ἀνακειμένοις	V-PNP-DPM
029518	θεασαμένοις	V-ADP-DPM
029526	Πορευθέντες	V-AOP-NPM
029654	ἀνατάξασθαι	V-ADN
029727	πορευόμενοι	V-PNP-NPM
029791	προσευχόμενον	V-PNP-NSN
029825	φοβοῦ	V-PNM-2S
029847	ἔσται	V-FDI-3S
029859	ἔσται	V-FDI-3S
029894	προελεύσεται	V-FDI-3S
029924	γνώσομαι	V-FDI-1S
029940	ἀποκριθεὶς	V-AOP-NSM
029964	ἔσῃ	V-FDI-2S
029968	δυνάμενος	V-PNP-NSM
030007	ἐδύνατο	V-INI-3S
030124	διελογίζετο	V-INI-3S
030136	φοβοῦ	V-PNM-2S
030146	συλλήμψῃ	V-FDI-2S
030150	τέξῃ	V-FDI-2S
030159	ἔσται	V-FDI-3S
030191	ἔσται	V-FDI-3S
030200	ἔσται	V-FDI-3S
030207	ἀποκριθεὶς	V-AOP-NSM
030214	ἐπελεύσεται	V-FDI-3S
030286	ἐπορεύθη	V-AOI-3S
030302	ἠσπάσατο	V-ADI-3S
030385	ἔσται	V-FDI-3S
030450	φοβουμένοις	V-PNP-DPM
030564	ἀποκριθεῖσα	V-AOP-NSF
030662	ἔσται	V-FDI-3S
030688	ἐπεσκέψατο	V-ADI-3S
030772	προπορεύσῃ	V-FDI-2S
030797	ἐπισκέψεται	V-FDI-3S
030809	καθημένοις	V-PNP-DPM
030861	ἐπορεύοντο	V-INI-3P
030970	ἐφοβήθησαν	V-AOI-3P
030979	φοβεῖσθε	V-PNM-2P
030987	ἔσται	V-FDI-3S
031012	κείμενον	V-PNP-ASN
031086	κείμενον	V-PNP-ASN
031240	προσδεχόμενος	V-PNP-NSM
031298	ἐδέξατο	V-ADI-3S
031372	κεῖται	V-PNI-3S
031391	διελεύσεται	V-FDI-3S
031432	ἀφίστατο	V-INI-3S
031447	ἀνθωμολογεῖτο	V-INI-3S
031456	προσδεχομένοις	V-PNP-DPM
031491	ἐπορεύοντο	V-INI-3P
031572	καθεζόμενον	V-PNP-ASM
031782	ἔσται	V-FDI-3S
031794	ὄψεται	V-FDI-3S
031804	ἐκπορευομένοις	V-PNP-DPM
031839	δύναται	V-PNI-3S
031860	κεῖται	V-PNI-3S
031882	Ἀποκριθεὶς	V-AOP-NSM
031951	διαλογιζομένων	V-PNP-GPM
031965	ἀπεκρίνατο	V-ADI-3S
031975	ἔρχεται	V-PNI-3S
032078	προσευχομένου	V-PNP-GSM
032327	ἀπεκρίθη	V-ADI-3S
032338	ζήσεται	V-FDI-3S
032384	ἔσται	V-FDI-3S
032388	ἀποκριθεὶς	V-AOP-NSM
032433	ἐντελεῖται	V-FNI-3S
032453	ἀποκριθεὶς	V-AOP-NSM
032593	ἤρξατο	V-ADI-3S
032620	ἐκπορευομένοις	V-PNP-DPM
032778	ἐπορεύετο	V-INI-3S
032887	ἐξέρχονται	V-PNI-3P
032889	ἐξεπορεύετο	V-INI-3S
032960	ἐξήρχετο	V-INI-3S
032992	ἐπορεύθη	V-AOI-3S
033010	πορεύεσθαι	V-PNN
033048	ἐπικεῖσθαι	V-PNN
033125	ἀποκριθεὶς	V-AOP-NSM
033231	φοβοῦ	V-PNM-2S
033236	ἔσῃ	V-FDI-2S
033277	δύνασαί	V-PNI-2S
033284	ἥψατο	V-ADI-3S
033320	Διήρχετο	V-INI-3S
033328	συνήρχοντο	V-INI-3P
033346	προσευχόμενος	V-PNP-NSM
033359	καθήμενοι	V-PNP-NPM
033381	ἰᾶσθαι	V-PNN
033442	ἤρξαντο	V-ADI-3P
033443	διαλογίζεσθαι	V-PNN
033457	δύναται	V-PNI-3S
033472	ἀποκριθεὶς	V-AOP-NSM
033477	διαλογίζεσθε	V-PNI-2P
033522	πορεύου	V-PNM-2S
033535	κατέκειτο	V-INI-3S
033565	ἐθεάσατο	V-ADI-3S
033569	καθήμενον	V-PNP-ASM
033605	κατακείμενοι	V-PNP-NPM
033630	ἀποκριθεὶς	V-AOP-NSM
033685	δύνασθε	V-PNI-2P
033699	ἐλεύσονται	V-FDI-3P
033800	διαπορεύεσθαι	V-PNN
033829	ἀποκριθεὶς	V-AOP-NSM
034014	προσεύξασθαι	V-ADN
034137	ἐξήρχετο	V-INI-3S
034139	ἰᾶτο	V-INI-3S
034284	καταρωμένους	V-PNP-APM
034286	προσεύχεσθε	V-PNM-2P
034402	ἔσται	V-FDI-3S
034408	ἔσεσθε	V-FDI-2P
034420	Γίνεσθε	V-PNM-2P
034472	δύναται	V-PNI-3S
034480	ἐμπεσοῦνται	V-FNI-3P
034490	ἔσται	V-FDI-3S
034518	δύνασαι	V-PNI-2S
034640	ἐρχόμενος	V-PNP-NSM
034796	ἐπορεύετο	V-INI-3S
034857	Πορεύθητι	V-AOM-2S
034859	πορεύεται	V-PNI-3S
034862	Ἔρχου	V-PNM-2S
034864	ἔρχεται	V-PNI-3S
034912	ἐπορεύθη	V-AOI-3S
034918	συνεπορεύοντο	V-INI-3P
034959	ἐσπλαγχνίσθη	V-AOI-3S
034969	ἥψατο	V-ADI-3S
034987	ἤρξατο	V-ADI-3S
035012	Ἐπεσκέψατο	V-ADI-3S
035043	προσκαλεσάμενος	V-ADP-NSM
035059	ἐρχόμενος	V-PNP-NSM
035081	ἐρχόμενος	V-PNP-NSM
035101	ἐχαρίσατο	V-ADI-3S
035104	ἀποκριθεὶς	V-AOP-NSM
035107	Πορευθέντες	V-AOP-NPM
035141	ἤρξατο	V-ADI-3S
035153	θεάσασθαι	V-ADN
035280	καθημένοις	V-PNP-DPN
035290	ὠρχήσασθε	V-ADI-2P
035368	κατάκειται	V-PNI-3S
035387	ἤρξατο	V-ADI-3S
035437	ἀποκριθεὶς	V-AOP-NSM
035472	ἐχαρίσατο	V-ADI-3S
035479	Ἀποκριθεὶς	V-AOP-NSM
035487	ἐχαρίσατο	V-ADI-3S
035585	ἤρξαντο	V-ADI-3P
035587	συνανακείμενοι	V-PNP-NPM
035608	πορεύου	V-PNM-2S
035681	ἐπιπορευομένων	V-PNP-GPM
035820	ἔρχεται	V-PNI-3S
035845	δέχονται	V-PNI-3P
035861	ἀφίστανται	V-PNI-3P
035881	πορευόμενοι	V-PNP-NPM
035925	εἰσπορευόμενοι	V-PNP-NPM
035936	γενήσεται	V-FDI-3S
035981	ἠδύναντο	V-INI-3P
036004	ἀποκριθεὶς	V-AOP-NSM
036096	Φοβηθέντες	V-AOP-NPM
036179	δέομαί	V-PNI-1S
036319	καθήμενον	V-PNP-ASM
036336	ἐφοβήθησαν	V-AOI-3P
036345	δαιμονισθείς	V-AOP-NSM
036392	διηγοῦ	V-PNM-2S
036416	ἀπεδέξατο	V-ADI-3S
036494	ἥψατο	V-ADI-3S
036516	Ἀρνουμένων	V-PNP-GPM
036533	Ἥψατό	V-ADI-3S
036558	ἥψατο	V-ADI-3S
036579	πορεύου	V-PNM-2S
036585	ἔρχεταί	V-PNI-3S
036604	ἀπεκρίθη	V-ADI-3S
036607	φοβοῦ	V-PNM-2S
036722	ἰᾶσθαι	V-PNN
036757	ἐξέρχεσθε	V-PNM-2P
036762	δέχωνται	V-PNS-3P
036764	ἐξερχόμενοι	V-PNP-NPM
036780	Ἐξερχόμενοι	V-PNP-NPM
036782	διήρχοντο	V-INI-3P
036796	γινόμενα	V-PNP-APN
036846	διηγήσαντο	V-ADI-3P
036867	ἀποδεξάμενος	V-ADP-NSM
036881	ἰᾶτο	V-INI-3S
036885	ἤρξατο	V-ADI-3S
036897	πορευθέντες	V-AOP-NPM
036937	πορευθέντες	V-AOP-NPM
037012	προσευχόμενον	V-PNP-ASM
037031	ἀποκριθέντες	V-AOP-NPM
037058	ἀποκριθεὶς	V-AOP-NSM
037106	ἔρχεσθαι	V-PNN
037107	ἀρνησάσθω	V-ADM-3S
037157	ἐπαισχυνθῇ	V-AOS-3S
037168	ἐπαισχυνθήσεται	V-FOI-3S
037194	γεύσωνται	V-ADS-3P
037223	προσεύξασθαι	V-ADN
037228	προσεύχεσθαι	V-PNN
037293	διαχωρίζεσθαι	V-PNN
037334	ἐφοβήθησαν	V-AOI-3P
037404	δέομαί	V-PNI-1S
037445	ἠδυνήθησαν	V-AOI-3P
037446	Ἀποκριθεὶς	V-AOP-NSM
037458	ἔσομαι	V-FDI-1S
037462	ἀνέξομαι	V-FDI-1S
037471	προσερχομένου	V-PNP-GSM
037488	ἰάσατο	V-ADI-3S
037552	ἐφοβοῦντο	V-INI-3P
037590	δέξηται	V-ADS-3S
037599	δέχεται	V-PNI-3S
037604	δέξηται	V-ADS-3S
037605	δέχεται	V-PNI-3S
037619	Ἀποκριθεὶς	V-AOP-NSM
037673	πορεύεσθαι	V-PNN
037683	πορευθέντες	V-AOP-NPM
037693	ἐδέξαντο	V-ADI-3P
037700	πορευόμενον	V-PNP-NSN
037727	ἐπορεύθησαν	V-AOI-3P
037732	πορευομένων	V-PNP-GPM
037745	ἀπέρχῃ	V-PNS-2S
037874	ἔρχεσθαι	V-PNN
037887	δεήθητε	V-AOM-2P
037921	ἀσπάσησθε	V-ADS-2P
037983	εἰσέρχησθε	V-PNS-2P
037985	δέχωνται	V-PNS-3P
038015	δέχωνται	V-PNS-3P
038056	ἔσται	V-FDI-3S
038086	καθήμενοι	V-PNP-NPM
038093	ἔσται	V-FDI-3S
038109	καταβήσῃ	V-FDI-2S
038207	ἠγαλλιάσατο	V-ADI-3S
038274	βούληται	V-PNS-3S
038344	ἀποκριθεὶς	V-AOP-NSM
038384	ἀπεκρίθης	V-ADI-2S
038388	ζήσῃ	V-FDI-2S
038462	ἐσπλαγχνίσθη	V-AOI-3S
038485	ἐπεμελήθη	V-AOI-3S
038509	ἐπανέρχεσθαί	V-PNN
038540	Πορεύου	V-PNM-2S
038548	πορεύεσθαι	V-PNN
038560	ὑπεδέξατο	V-ADI-3S
038570	παρακαθεσθεῖσα	V-AOP-NSF
038608	Ἀποκριθεὶς	V-AOP-NSM
038644	προσευχόμενον	V-PNP-ASM
038657	προσεύχεσθαι	V-PNN
038669	προσεύχησθε	V-PNS-2P
038719	πορεύσεται	V-FDI-3S
038747	ἀποκριθεὶς	V-AOP-NSM
038768	δύναμαι	V-PNI-1S
038972	ἔσονται	V-FDI-3P
039046	διέρχεται	V-PNI-3S
039071	πορεύεται	V-PNI-3S
039084	γίνεται	V-PNI-3S
039136	ἤρξατο	V-ADI-3S
039164	ἔσται	V-FDI-3S
039244	εἰσπορευόμενοι	V-PNP-NPM
039300	ἔσται	V-FDI-3S
039400	παρέρχεσθε	V-PNI-2P
039449	Ἀποκριθεὶς	V-AOP-NSM
039591	εἰσερχομένους	V-PNP-APM
039596	ἤρξαντο	V-ADI-3P
039627	ἤρξατο	V-ADI-3S
039687	φοβηθῆτε	V-AOS-2P
039705	φοβηθῆτε	V-AOS-2P
039706	φοβήθητε	V-AOM-2P
039721	φοβήθητε	V-AOM-2P
039748	φοβεῖσθε	V-PNM-2P
039779	ἀρνησάμενός	V-ADP-NSM
039829	ἀπολογήσησθε	V-ADS-2P
039913	διελογίζετο	V-INI-3S
039957	κείμενα	V-PNP-APN
039984	ἔσται	V-FDI-3S
040057	δύναται	V-PNI-3S
040068	δύνασθε	V-PNI-2P
040156	φοβοῦ	V-PNM-2S
040204	ἔσται	V-FDI-3S
040218	προσδεχομένοις	V-PNP-DPM
040284	ἔρχεται	V-PNI-3S
040294	γίνεσθε	V-PNM-2P
040305	ἔρχεται	V-PNI-3S
040384	ἔρχεσθαι	V-PNN
040511	ἔσονται	V-FDI-3P
040571	ἔρχεται	V-PNI-3S
040573	γίνεται	V-PNI-3S
040582	ἔσται	V-FDI-3S
040584	γίνεται	V-PNI-3S
040683	ἀποκριθεὶς	V-AOP-NSM
040779	ἔρχομαι	V-PNI-1S
040799	ἀποκριθεὶς	V-AOP-NSM
040853	δυναμένη	V-PNP-NSF
040884	Ἀποκριθεὶς	V-AOP-NSM
040905	ἐργάζεσθαι	V-PNN
040909	ἐρχόμενοι	V-PNP-NPM
040917	Ἀπεκρίθη	V-ADI-3S
040975	ἀντικείμενοι	V-PNP-NPM
040987	γινομένοις	V-PNP-DPN
041055	διεπορεύετο	V-INI-3S
041080	Ἀγωνίζεσθε	V-PNM-2P
041118	ἀποκριθεὶς	V-AOP-NSM
041156	ἔσται	V-FDI-3S
041207	ἔσονται	V-FDI-3P
041213	ἔσονται	V-FDI-3P
041226	πορεύου	V-PNM-2S
041236	Πορευθέντες	V-AOP-NPM
041263	πορεύεσθαι	V-PNN
041266	ἐνδέχεται	V-PNI-3S
041320	ἐρχόμενος	V-PNP-NSM
041354	ἀποκριθεὶς	V-AOP-NSM
041375	ἰάσατο	V-ADI-3S
041390	πεσεῖται	V-FDI-3S
041403	ἀνταποκριθῆναι	V-AON
041462	πορευθεὶς	V-AOP-NSM
041480	ἔσται	V-FDI-3S
041486	συνανακειμένων	V-PNP-GPM
041546	ἔσῃ	V-FDI-2S
041564	συνανακειμένων	V-PNP-GPM
041601	Ἔρχεσθε	V-PNM-2P
041607	ἤρξαντο	V-ADI-3P
041611	παραιτεῖσθαι	V-PNN
041637	πορεύομαι	V-PNI-1S
041654	δύναμαι	V-PNI-1S
041736	γεύσεταί	V-FDI-3S
041740	Συνεπορεύοντο	V-INI-3P
041752	ἔρχεται	V-PNI-3S
041783	δύναται	V-PNI-3S
041794	ἔρχεται	V-PNI-3S
041798	δύναται	V-PNI-3S
041839	ἤρξατο	V-ADI-3S
041848	πορευόμενος	V-PNP-NSM
041857	βουλεύσεται	V-FDI-3S
041869	ἐρχομένῳ	V-PNP-DSM
041899	δύναται	V-PNI-3S
041956	προσδέχεται	V-PNI-3S
041989	πορεύεται	V-PNI-3S
042034	ἔσται	V-FDI-3S
042091	γίνεται	V-PNI-3S
042165	ἤρξατο	V-ADI-3S
042168	πορευθεὶς	V-AOP-NSM
042217	πορεύσομαι	V-FDI-1S
042264	ἐσπλαγχνίσθη	V-AOI-3S
042346	ἤρξαντο	V-ADI-3P
042359	ἐρχόμενος	V-PNP-NSM
042368	προσκαλεσάμενος	V-ADP-NSM
042372	ἐπυνθάνετο	V-INI-3S
042414	ἀποκριθεὶς	V-AOP-NSM
042533	δύνῃ	V-PNI-2S
042567	δέξωνταί	V-ADS-3P
042574	προσκαλεσάμενος	V-ADP-NSM
042600	Δέξαι	V-ADM-2S
042624	Δέξαι	V-ADM-2S
042675	δέξωνται	V-ADS-3P
042729	δύναται	V-PNI-3S
042744	ἀνθέξεται	V-FDI-3S
042750	δύνασθε	V-PNI-2P
042884	ἐρχόμενοι	V-PNP-NPM
043007	δύνωνται	V-PNS-3P
043033	διαμαρτύρηται	V-PNS-3S
043067	πορευθῇ	V-AOS-3S
043105	ἔρχεται	V-PNI-3S
043111	περίκειται	V-PNI-3S
043232	πίεσαι	V-FDI-2S
043265	πορεύεσθαι	V-PNN
043270	διήρχετο	V-INI-3S
043277	εἰσερχομένου	V-PNP-GSM
043303	Πορευθέντες	V-AOP-NPM
043343	Ἀποκριθεὶς	V-AOP-NSM
043372	πορεύου	V-PNM-2S
043384	ἔρχεται	V-PNI-3S
043389	ἀπεκρίθη	V-ADI-3S
043394	ἔρχεται	V-PNI-3S
043421	Ἐλεύσονται	V-FDI-3P
043435	ὄψεσθε	V-FDI-2P
043464	ἔσται	V-FDI-3S
043493	ἔσται	V-FDI-3S
043553	ἔσται	V-FDI-3S
043566	ἔσται	V-FDI-3S
043615	ἔσονται	V-FDI-3P
043627	ἔσονται	V-FDI-3P
043641	ἀποκριθέντες	V-AOP-NPM
043666	προσεύχεσθαι	V-PNN
043681	φοβούμενος	V-PNP-NSM
043694	ἤρχετο	V-INI-3S
043720	φοβοῦμαι	V-PNI-1S
043739	ἐρχομένη	V-PNP-NSF
043821	προσεύξασθαι	V-ADN
043835	προσηύχετο	V-INI-3S
043864	κτῶμαι	V-PNI-1S
043931	προσεκαλέσατο	V-ADI-3S
043937	ἔρχεσθαι	V-PNN
043958	δέξηται	V-ADS-3S
044081	εἰσπορεύονται	V-PNI-3P
044104	δύναται	V-PNI-3S
044169	ἐρχομένῳ	V-PNP-DSM
044243	ἐκάθητο	V-INI-3S
044251	διαπορευομένου	V-PNP-GSM
044252	ἐπυνθάνετο	V-INI-3S
044263	παρέρχεται	V-PNI-3S
044343	διήρχετο	V-INI-3S
044368	ἠδύνατο	V-INI-3S
044391	διέρχεσθαι	V-PNN
044420	ὑπεδέξατο	V-ADI-3S
044517	ἐπορεύθη	V-AOI-3S
044539	Πραγματεύσασθε	V-ADM-2P
044542	ἔρχομαι	V-PNI-1S
044584	διεπραγματεύσαντο	V-ADI-3P
044633	γίνου	V-PNM-2S
044648	ἀποκειμένην	V-PNP-ASF
044651	ἐφοβούμην	V-INI-1S
044770	ἐπορεύετο	V-INI-3S
044801	εἰσπορευόμενοι	V-PNP-NPM
044880	Πορευομένου	V-PNP-GSM
044901	ἤρξαντο	V-ADI-3P
044921	ἐρχόμενος	V-PNP-NSM
044950	ἀποκριθεὶς	V-AOP-NSM
045038	ἤρξατο	V-ADI-3S
045046	ἔσται	V-FDI-3S
045139	Ἀποκριθεὶς	V-AOP-NSM
045162	συνελογίσαντο	V-ADI-3P
045194	ἀπεκρίθησαν	V-ADI-3P
045212	Ἤρξατο	V-ADI-3S
045300	διελογίζοντο	V-INI-3P
045330	ἐλεύσεται	V-FDI-3S
045399	ἐφοβήθησαν	V-AOI-3P
045415	ὑποκρινομένους	V-PNP-APM
045597	γίνεται	V-PNI-3S
045639	δύνανται	V-PNI-3P
045685	Ἀποκριθέντες	V-AOP-NPM
045723	Κάθου	V-PNM-2S
045790	προσεύχονται	V-PNI-3P
045792	λήμψονται	V-FDI-3P
045869	ἐλεύσονται	V-FDI-3P
045889	ἔσται	V-FDI-3S
045897	γίνεσθαι	V-PNN
045906	ἐλεύσονται	V-FDI-3P
045919	πορευθῆτε	V-AOS-2P
045960	ἔσονται	V-FDI-3P
045968	ἔσται	V-FDI-3S
045996	ἀποβήσεται	V-FDI-3S
046008	ἀπολογηθῆναι	V-AON
046018	δυνήσονται	V-FDI-3P
046024	ἀντικείμενοι	V-PNP-NPM
046042	ἔσεσθε	V-FDI-2P
046063	κτήσασθε	V-ADM-2P
046102	εἰσερχέσθωσαν	V-PNM-3P
046127	ἔσται	V-FDI-3S
046140	πεσοῦνται	V-FNI-3P
046151	ἔσται	V-FDI-3S
046161	ἔσονται	V-FDI-3P
046188	ἐπερχομένων	V-PNP-GPM
046199	ὄψονται	V-FDI-3P
046204	ἐρχόμενον	V-PNP-ASM
046215	γίνεσθαι	V-PNN
046257	γινόμενα	V-PNP-APN
046285	παρελεύσονται	V-FDI-3P
046292	παρελεύσονται	V-FDI-3P
046323	καθημένους	V-PNP-APM
046334	δεόμενοι	V-PNP-NPM
046342	γίνεσθαι	V-PNN
046361	ἐξερχόμενος	V-PNP-NSM
046362	ηὐλίζετο	V-INI-3S
046401	ἐφοβοῦντο	V-INI-3P
046467	Πορευθέντες	V-AOP-NPM
046504	εἰσπορεύεται	V-PNI-3S
046589	δεξάμενος	V-ADP-NSM
046688	πορεύεται	V-PNI-3S
046699	ἤρξαντο	V-ADI-3P
046750	γινέσθω	V-PNM-3S
046756	ἡγούμενος	V-PNP-NSM
046764	ἀνακείμενος	V-PNP-NSM
046770	ἀνακείμενος	V-PNP-NSM
046814	καθήσεσθε	V-FDI-2P
046869	πορεύεσθαι	V-PNN
046966	ἐπορεύθη	V-AOI-3S
046988	Προσεύχεσθε	V-PNM-2P
047005	προσηύχετο	V-INI-3S
047009	βούλει	V-PNI-2S
047024	γινέσθω	V-PNM-3S
047038	προσηύχετο	V-INI-3S
047072	προσεύχεσθε	V-PNM-2P
047090	προήρχετο	V-INI-3S
047115	ἐσόμενον	V-FDP-ASN
047139	Ἀποκριθεὶς	V-AOP-NSM
047151	ἰάσατο	V-ADI-3S
047227	ἐκάθητο	V-INI-3S
047237	καθήμενον	V-PNP-ASM
047252	ἠρνήσατο	V-ADI-3S
047284	διϊσχυρίζετο	V-INI-3S
047336	ἀπαρνήσῃ	V-FDI-2S
047413	ἀποκριθῆτε	V-AOS-2P
047418	ἔσται	V-FDI-3S
047423	καθήμενος	V-PNP-NSM
047476	ἤρξαντο	V-ADI-3P
047512	ἀποκριθεὶς	V-AOP-NSM
047612	γινόμενον	V-PNP-ASN
047622	ἀπεκρίνατο	V-ADI-3S
047801	ἐπέκειντο	V-INI-3P
047846	ἐρχόμενον	V-PNP-ASM
047895	ἔρχονται	V-PNI-3P
048021	προσερχόμενοι	V-PNP-NPM
048064	Ἀποκριθεὶς	V-AOP-NSM
048072	φοβῇ	V-PNI-2S
048116	ἔσῃ	V-FDI-2S
048230	συνκατατεθειμένος	V-RNP-NSM
048243	προσεδέχετο	V-INI-3S
048273	κείμενος	V-PNP-NSM
048292	ἐθεάσαντο	V-ADI-3P
048501	πορευόμενοι	V-PNP-NPM
048534	συνεπορεύετο	V-INI-3S
048561	ἀποκριθεὶς	V-AOP-NSM
048759	ἐπορεύοντο	V-INI-3P
048764	πορεύεσθαι	V-PNN
048766	παρεβιάσαντο	V-ADI-3P
048868	ἐξηγοῦντο	V-INI-3P
049236	ἐρχόμενον	V-PNP-ASM
049308	ἐθεασάμεθα	V-ADI-1P
049335	ἐρχόμενος	V-PNP-NSM
049384	ἐξηγήσατο	V-ADI-3S
049413	ἠρνήσατο	V-ADI-3S
049439	ἀπεκρίθη	V-ADI-3S
049498	Ἀπεκρίθη	V-ADI-3S
049517	ἐρχόμενος	V-PNP-NSM
049547	ἐρχόμενον	V-PNP-ASM
049571	ἔρχεται	V-PNI-3S
049602	Τεθέαμαι	V-RNI-1S
049696	θεασάμενος	V-ADP-NSM
049716	Ἔρχεσθε	V-PNM-2P
049718	ὄψεσθε	V-FDI-2P
049852	δύναταί	V-PNI-3S
049860	Ἔρχου	V-PNM-2S
049868	ἐρχόμενον	V-PNP-ASM
049889	Ἀπεκρίθη	V-ADI-3S
049905	Ἀπεκρίθη	V-ADI-3S
049920	Ἀπεκρίθη	V-ADI-3S
049937	ὄψῃ	V-FDI-2S
049945	ὄψεσθε	V-FDI-2P
050043	κείμεναι	V-PNP-NPF
050077	ἐγεύσατο	V-ADI-3S
050199	καθημένους	V-PNP-APM
050256	καταφάγεταί	V-FDI-3S
050258	Ἀπεκρίθησαν	V-ADI-3P
050272	Ἀπεκρίθη	V-ADI-3S
050422	δύναται	V-PNI-3S
050437	Ἀπεκρίθη	V-ADI-3S
050452	δύναται	V-PNI-3S
050464	δύναται	V-PNI-3S
050470	δύναται	V-PNI-3S
050481	Ἀπεκρίθη	V-ADI-3S
050496	δύναται	V-PNI-3S
050541	ἔρχεται	V-PNI-3S
050553	Ἀπεκρίθη	V-ADI-3S
050559	δύναται	V-PNI-3S
050562	Ἀπεκρίθη	V-ADI-3S
050759	ἔρχεται	V-PNI-3S
050774	ἔρχεται	V-PNI-3S
050825	παρεγίνοντο	V-IDI-3P
050872	ἔρχονται	V-PNI-3P
050875	Ἀπεκρίθη	V-ADI-3S
050880	δύναται	V-PNI-3S
050949	ἐρχόμενος	V-PNP-NSM
050971	ἐρχόμενος	V-PNP-NSM
051041	ὄψεται	V-FDI-3S
051090	διέρχεσθαι	V-PNN
051094	ἔρχεται	V-PNI-3S
051126	ἐκαθέζετο	V-INI-3S
051135	Ἔρχεται	V-PNI-3S
051180	συνχρῶνται	V-PNI-3P
051183	Ἀπεκρίθη	V-ADI-3S
051259	Ἀπεκρίθη	V-ADI-3S
051296	γενήσεται	V-FDI-3S
051301	ἁλλομένου	V-PNP-GSN
051320	διέρχωμαι	V-PNS-1S
051333	Ἀπεκρίθη	V-ADI-3S
051405	ἔρχεται	V-PNI-3S
051436	ἔρχεται	V-PNI-3S
051481	ἔρχεται	V-PNI-3S
051558	ἤρχοντο	V-INI-3P
051623	ἔρχεται	V-PNI-3S
051632	θεάσασθε	V-ADM-2P
051793	ἐδέξαντο	V-ADI-3P
051855	ἰάσηται	V-ADS-3S
051893	Πορεύου	V-PNM-2S
051909	ἐπορεύετο	V-INI-3S
052017	κατέκειτο	V-INI-3S
052042	κατακείμενον	V-PNP-ASM
052055	Ἀπεκρίθη	V-ADI-3S
052076	ἔρχομαι	V-PNI-1S
052131	ἀπεκρίθη	V-ADI-3S
052227	ἀπεκρίνατο	V-ADI-3S
052234	ἐργάζεται	V-PNI-3S
052236	ἐργάζομαι	V-PNI-1S
052264	Ἀπεκρίνατο	V-ADI-3S
052276	δύναται	V-PNI-3S
052395	ἔρχεται	V-PNI-3S
052409	ἔρχεται	V-PNI-3S
052459	ἔρχεται	V-PNI-3S
052473	ἐκπορεύσονται	V-FDI-3P
052490	δύναμαι	V-PNI-1S
052580	ἀγαλλιαθῆναι	V-AON
052719	λήμψεσθε	V-FDI-2P
052721	δύνασθε	V-PNI-2P
052814	ἐκάθητο	V-INI-3S
052835	θεασάμενος	V-ADP-NSM
052839	ἔρχεται	V-PNI-3S
052862	Ἀπεκρίθη	V-ADI-3S
052938	ἀνακειμένοις	V-PNP-DPM
052993	ἐρχόμενος	V-PNP-NSM
053002	ἔρχεσθαι	V-PNN
053031	ἤρχοντο	V-INI-3P
053074	γινόμενον	V-PNP-ASM
053076	ἐφοβήθησαν	V-AOI-3P
053084	φοβεῖσθε	V-PNM-2P
053193	Ἀπεκρίθη	V-ADI-3S
053217	ἐργάζεσθε	V-PNM-2P
053252	ἐργαζώμεθα	V-PNS-1P
053257	Ἀπεκρίθη	V-ADI-3S
053289	ἐργάζῃ	V-PNI-2S
053378	ἐρχόμενος	V-PNP-NSM
053414	ἐρχόμενον	V-PNP-ASM
053534	Ἀπεκρίθη	V-ADI-3S
053544	δύναται	V-PNI-3S
053570	ἔσονται	V-FDI-3P
053582	ἔρχεται	V-PNI-3S
053683	Ἐμάχοντο	V-INI-3P
053691	δύναται	V-PNI-3S
053840	δύναται	V-PNI-3S
053927	δύναται	V-PNI-3S
053966	Ἀπεκρίθη	V-ADI-3S
053973	ἀπελευσόμεθα	V-FDI-1P
053990	Ἀπεκρίθη	V-ADI-3S
054124	δύναται	V-PNI-3S
054258	Ἀπεκρίθη	V-ADI-3S
054282	γνώσεται	V-FDI-3S
054339	Ἀπεκρίθη	V-ADI-3S
054348	Ἀπεκρίθη	V-ADI-3S
054450	ἔρχηται	V-PNS-3S
054582	δύνασθε	V-PNI-2P
054593	πορεύεσθαι	V-PNN
054606	πορεύεσθαι	V-PNN
054630	δύνασθε	V-PNI-2P
054650	ἐρχέσθω	V-PNM-3S
054722	ἔρχεται	V-PNI-3S
054740	ἔρχεται	V-PNI-3S
054783	Ἀπεκρίθησαν	V-ADI-3P
054790	Ἀπεκρίθησαν	V-ADI-3P
054853	Ἀπεκρίθησαν	V-ADI-3P
054875	ἐπορεύθησαν	V-AOI-3P
054883	ἐπορεύθη	V-AOI-3S
054939	ἐνετείλατο	V-ADI-3S
054994	ἐξήρχοντο	V-INI-3P
055036	πορεύου	V-PNM-2S
055086	Ἀπεκρίθη	V-ADI-3S
055113	ἔρχομαι	V-PNI-1S
055185	Ἀπεκρίθη	V-ADI-3S
055238	ἀποθανεῖσθε	V-FDI-2P
055244	δύνασθε	V-PNI-2P
055260	δύνασθε	V-PNI-2P
055292	ἀποθανεῖσθε	V-FDI-2P
055304	ἀποθανεῖσθε	V-FDI-2P
055368	γνώσεσθε	V-FDI-2P
055432	γνώσεσθε	V-FDI-2P
055440	Ἀπεκρίθησαν	V-ADI-3P
055455	γενήσεσθε	V-FDI-2P
055456	Ἀπεκρίθη	V-ADI-3S
055499	ἔσεσθε	V-FDI-2P
055534	Ἀπεκρίθησαν	V-ADI-3P
055637	δύνασθε	V-PNI-2P
055736	Ἀπεκρίθησαν	V-ADI-3P
055753	Ἀπεκρίθη	V-ADI-3S
055823	γεύσηται	V-ADS-3S
055845	Ἀπεκρίθη	V-ADI-3S
055884	ἔσομαι	V-FDI-1S
055900	ἠγαλλιάσατο	V-ADI-3S
055976	Ἀπεκρίθη	V-ADI-3S
055996	ἐργάζεσθαι	V-PNN
056005	ἔρχεται	V-PNI-3S
056009	δύναται	V-PNI-3S
056010	ἐργάζεσθαι	V-PNN
056075	καθήμενος	V-PNP-NSM
056104	Ἀπεκρίθη	V-ADI-3S
056211	δύναται	V-PNI-3S
056282	Ἀπεκρίθησαν	V-ADI-3P
056329	ἐφοβοῦντο	V-INI-3P
056380	Ἀπεκρίθη	V-ADI-3S
056406	Ἀπεκρίθη	V-ADI-3S
056453	Ἀπεκρίθη	V-ADI-3S
056513	ἠδύνατο	V-INI-3S
056516	Ἀπεκρίθησαν	V-ADI-3P
056550	Ἀπεκρίθη	V-ADI-3S
056649	εἰσερχόμενος	V-PNP-NSM
056668	εἰσερχόμενος	V-PNP-NSM
056704	πορεύεται	V-PNI-3S
056721	φεύξονται	V-FDI-3P
056789	εἰσελεύσεται	V-FDI-3S
056791	ἐξελεύσεται	V-FDI-3S
056798	ἔρχεται	V-PNI-3S
056847	ἐρχόμενον	V-PNP-ASM
056924	γενήσονται	V-FDI-3P
056992	μαίνεται	V-PNI-3S
057003	δαιμονιζομένου	V-PNP-GSM
057006	δύναται	V-PNI-3S
057053	Ἀπεκρίθη	V-ADI-3S
057135	δύναται	V-PNI-3S
057156	ἀπεκρίθη	V-ADI-3S
057174	Ἀπεκρίθησαν	V-ADI-3P
057195	Ἀπεκρίθη	V-ADI-3S
057224	δύναται	V-PNI-3S
057466	Ἀπεκρίθη	V-ADI-3S
057517	πορεύομαι	V-PNI-1S
057622	παραμυθήσωνται	V-ADS-3P
057634	ἔρχεται	V-PNI-3S
057642	ἐκαθέζετο	V-INI-3S
057713	ζήσεται	V-FDI-3S
057749	ἐρχόμενος	V-PNP-NSM
057775	ἤρχετο	V-INI-3S
057808	παραμυθούμενοι	V-PNP-NPM
057868	ἐνεβριμήσατο	V-ADI-3S
057882	ἔρχου	V-PNM-2S
057902	ἐδύνατο	V-INI-3S
057919	ἐμβριμώμενος	V-PNP-NSM
057922	ἔρχεται	V-PNI-3S
057931	ἐπέκειτο	V-INI-3S
057963	ὄψῃ	V-FDI-2S
058053	θεασάμενοι	V-ADP-NPM
058101	ἐλεύσονται	V-FDI-3P
058131	λογίζεσθε	V-PNI-2P
058191	ἐβουλεύσαντο	V-ADI-3P
058318	ἀνακειμένων	V-PNP-GPM
058454	ἐβουλεύσαντο	V-ADI-3P
058487	ἔρχεται	V-PNI-3S
058507	ἐρχόμενος	V-PNP-NSM
058528	φοβοῦ	V-PNM-2S
058535	ἔρχεται	V-PNI-3S
058536	καθήμενος	V-PNP-NSM
058645	ἔρχεται	V-PNI-3S
058652	ἔρχεται	V-PNI-3S
058663	ἀποκρίνεται	V-PNI-3S
058737	ἔσται	V-FDI-3S
058800	Ἀπεκρίθη	V-ADI-3S
058846	Ἀπεκρίθη	V-ADI-3S
058969	ἠδύναντο	V-INI-3P
058996	ἰάσομαι	V-FDI-1S
059211	γινομένου	V-PNP-GSN
059265	ἤρξατο	V-ADI-3S
059278	Ἔρχεται	V-PNI-3S
059291	Ἀπεκρίθη	V-ADI-3S
059303	γνώσῃ	V-FDI-2S
059319	Ἀπεκρίθη	V-ADI-3S
059564	ἀνακείμενος	V-PNP-NSM
059605	Ἀποκρίνεται	V-PNI-3S
059652	ἀνακειμένων	V-PNP-GPM
059746	δύνασθε	V-PNI-2P
059769	γνώσονται	V-FDI-3P
059787	Ἀπεκρίθη	V-ADI-3S
059793	δύνασαί	V-PNI-2S
059808	δύναμαί	V-PNI-1S
059818	Ἀποκρίνεται	V-PNI-3S
059836	ἀρνήσῃ	V-FDI-2S
059868	πορεύομαι	V-PNI-1S
059874	πορευθῶ	V-AOS-1S
059880	ἔρχομαι	V-PNI-1S
059882	παραλήμψομαι	V-FDI-1S
059909	δυνάμεθα	V-PNI-1P
059928	ἔρχεται	V-PNI-3S
059943	γνώσεσθε	V-FDI-2P
060067	πορεύομαι	V-PNI-1S
060128	δύναται	V-PNI-3S
060146	ἔσται	V-FDI-3S
060151	ἔρχομαι	V-PNI-1S
060176	γνώσεσθε	V-FDI-2P
060239	Ἀπεκρίθη	V-ADI-3S
060261	ἐλευσόμεθα	V-FDI-1P
060266	ποιησόμεθα	V-FDI-1P
060352	ἔρχομαι	V-PNI-1S
060361	πορεύομαι	V-PNI-1S
060386	ἔρχεται	V-PNI-3S
060409	ἐνετείλατο	V-ADI-3S
060471	δύναται	V-PNI-3S
060512	δύνασθε	V-PNI-2P
060554	γενήσεται	V-FDI-3S
060659	ἐντέλλομαι	V-PNI-1S
060725	ἐντέλλομαι	V-PNI-1S
060903	ἐκπορεύεται	V-PNI-3S
060928	ἔρχεται	V-PNI-3S
061021	ἐλεύσεται	V-FDI-3S
061026	πορευθῶ	V-AOS-1S
061082	δύνασθε	V-PNI-2P
061110	ἐρχόμενα	V-PNP-APN
061120	λήμψεται	V-FDI-3S
061151	ὄψεσθέ	V-FDI-2P
061176	ὄψεσθέ	V-FDI-2P
061223	ὄψεσθέ	V-FDI-2P
061246	γενήσεται	V-FDI-3S
061285	ὄψομαι	V-FDI-1S
061335	λήμψεσθε	V-FDI-2P
061347	ἔρχεται	V-PNI-3S
061414	πορεύομαι	V-PNI-1S
061451	Ἀπεκρίθη	V-ADI-3S
061457	ἔρχεται	V-PNI-3S
061692	ἔρχομαι	V-PNI-1S
061744	ἔρχομαι	V-PNI-1S
062054	ἔρχεται	V-PNI-3S
062067	ἐρχόμενα	V-PNP-APN
062076	Ἀπεκρίθησαν	V-ADI-3P
062119	Ἀπεκρίθη	V-ADI-3S
062332	ἐθερμαίνοντο	V-INI-3P
062358	Ἀπεκρίθη	V-ADI-3S
062379	συνέρχονται	V-PNI-3P
062414	ἀποκρίνῃ	V-PNI-2S
062417	Ἀπεκρίθη	V-ADI-3S
062461	Ἠρνήσατο	V-ADI-3S
062492	ἠρνήσατο	V-ADI-3S
062541	Ἀπεκρίθησαν	V-ADI-3P
062614	Ἀπεκρίθη	V-ADI-3S
062627	Ἀπεκρίθη	V-ADI-3S
062646	Ἀπεκρίθη	V-ADI-3S
062672	ἠγωνίζοντο	V-INI-3P
062697	Ἀπεκρίθη	V-ADI-3S
062765	βούλεσθε	V-PNI-2P
062813	ἤρχοντο	V-INI-3P
062897	Ἀπεκρίθησαν	V-ADI-3P
062924	ἐφοβήθη	V-AOI-3S
062965	Ἀπεκρίθη	V-ADI-3S
063071	Ἀπεκρίθησαν	V-ADI-3P
063189	Ἀπεκρίθη	V-ADI-3S
063239	ἔσται	V-FDI-3S
063343	ἔκειτο	V-INI-3S
063491	Ὄψονται	V-FDI-3P
063614	ἔρχεται	V-PNI-3S
063633	ἔρχεται	V-PNI-3S
063670	ἤρχοντο	V-INI-3P
063696	κείμενα	V-PNP-APN
063702	Ἔρχεται	V-PNI-3S
063718	κείμενα	V-PNP-APN
063732	κείμενον	V-PNP-ASN
063795	καθεζομένους	V-PNP-APM
063806	ἔκειτο	V-INI-3S
063902	πορεύου	V-PNM-2S
063925	Ἔρχεται	V-PNI-3S
064105	ἔρχεται	V-PNI-3S
064147	γίνου	V-PNM-2S
064151	Ἀπεκρίθη	V-ADI-3S
064273	Ἐρχόμεθα	V-PNI-1P
064318	Ἀπεκρίθησαν	V-ADI-3P
064414	κειμένην	V-PNP-ASF
064417	ἐπικείμενον	V-PNP-ASN
064476	ἔρχεται	V-PNI-3S
064685	ἔρχομαι	V-PNI-1S
064721	ἔρχομαι	V-PNI-1S
064761	οἶμαι	V-PNI-1S
064778	ἤρξατο	V-ADI-3S
064788	ἐντειλάμενος	V-ANP-NSM
064812	ὀπτανόμενος	V-PNP-NSM
064823	συναλιζόμενος	V-PNP-NSM
064893	λήμψεσθε	V-FDI-2P
064902	ἔσεσθέ	V-FDI-2P
064941	πορευομένου	V-PNP-GSM
064974	ἐλεύσεται	V-FDI-3S
064977	ἐθεάσασθε	V-ADI-2P
064979	πορευόμενον	V-PNP-ASM
065112	ἐκτήσατο	V-ADI-3S
065155	Γενηθήτω	V-AOM-3S
065225	προσευξάμενοι	V-ADP-NPM
065251	πορευθῆναι	V-AON
065305	καθήμενοι	V-PNP-NPM
065325	ἤρξαντο	V-ADI-3P
065333	ἀποφθέγγεσθαι	V-PNN
065479	ἀπεφθέγξατο	V-ADI-3S
065493	ἐνωτίσασθε	V-ADM-2P
065520	ἔσται	V-FDI-3S
065550	ὄψονται	V-FDI-3P
065617	ἔσται	V-FDI-3S
065717	ἠγαλλιάσατο	V-ADI-3S
065875	Κάθου	V-PNM-2S
065949	λήμψεσθε	V-FDI-2P
065971	προσκαλέσηται	V-ADS-3S
065980	διεμαρτύρατο	V-ADI-3S
065995	ἀποδεξάμενοι	V-ADP-NPM
066026	Ἐγίνετο	V-INI-3S
066039	ἐγίνετο	V-INI-3S
066151	εἰσπορευομένων	V-PNP-GPM
066232	ἐξαλλόμενος	V-PNP-NSM
066245	ἁλλόμενος	V-PNP-NSM
066271	καθήμενος	V-PNP-NSM
066312	ἀπεκρίνατο	V-ADI-3S
066361	ἠρνήσασθε	V-ADI-2P
066374	ἠρνήσασθε	V-ADI-2P
066486	δέξασθαι	V-ADN
066521	ἀκούσεσθε	V-FDI-2P
066529	ἔσται	V-FDI-3S
066630	διαπονούμενοι	V-PNP-NPM
066718	ἐπυνθάνοντο	V-INI-3P
066895	δυνάμεθα	V-PNI-1P
066896	ἀρνεῖσθαι	V-PNN
066923	φθέγγεσθαι	V-PNN
066936	ἀποκριθέντες	V-AOP-NPM
066954	δυνάμεθα	V-PNI-1P
067155	γίνεσθαι	V-PNN
067165	δεηθέντων	V-AOP-GPM
067343	ψεύσασθαί	V-ADN
067378	ἐψεύσω	V-ADI-2S
067424	ἀπεκρίθη	V-ADI-3S
067511	ἐγίνετο	V-INI-3S
067565	ἐρχομένου	V-PNP-GSM
067573	συνήρχετο	V-INI-3S
067635	Πορεύεσθε	V-PNM-2P
067776	ἐφοβοῦντο	V-INI-3P
067814	βούλεσθε	V-PNI-2P
067823	Ἀποκριθεὶς	V-AOP-NSM
067891	ἐβούλοντο	V-INI-3P
068014	δυνήσεσθε	V-FDI-2P
068025	προσκαλεσάμενοι	V-ADP-NPM
068042	ἐπορεύοντο	V-INI-3P
068096	Προσκαλεσάμενοι	V-ADP-NPM
068116	ἐπισκέψασθε	V-ADM-2P
068181	προσευξάμενοι	V-ADP-NPM
068339	καθεζόμενοι	V-PNP-NPM
068445	ἐπηγγείλατο	V-ADI-3S
068467	ἔσται	V-FDI-3S
068496	ἐξελεύσονται	V-FDI-3P
068566	ἡγούμενον	V-PNP-ASM
068662	ὠνήσατο	V-ADI-3S
068705	κατασοφισάμενος	V-ADP-NSM
068782	ἐπισκέψασθαι	V-ADN
068793	ἠμύνατο	V-ADI-3S
068827	μαχομένοις	V-PNP-DPM
068845	ἀπώσατο	V-ADI-3S
068908	προσερχομένου	V-PNP-GSM
068985	ἠρνήσαντο	V-ADI-3P
069075	ἐδέξατο	V-ADI-3S
069089	ἀπώσαντο	V-ADI-3P
069105	προπορεύσονται	V-FDI-3P
069223	διαδεξάμενοι	V-ADP-NPM
069450	δέξαι	V-ADM-2S
069520	ἐλυμαίνετο	V-INI-3S
069526	εἰσπορευόμενος	V-PNP-NSM
069584	ἐξήρχοντο	V-INI-3P
069687	γινομένας	V-PNP-APF
069696	δέδεκται	V-RNI-3S
069711	προσηύξαντο	V-ADI-3P
069799	κτᾶσθαι	V-PNN
069828	δεήθητι	V-AOM-2S
069850	Ἀποκριθεὶς	V-AOP-NSM
069855	Δεήθητε	V-AOM-2P
069872	διαμαρτυράμενοι	V-ADP-NPM
069897	πορεύου	V-PNM-2S
069914	ἐπορεύθη	V-AOI-3S
069940	καθήμενος	V-PNP-NSM
069985	δυναίμην	V-PNO-1S
070039	διηγήσεται	V-FDI-3S
070048	Ἀποκριθεὶς	V-AOP-NSM
070055	Δέομαί	V-PNI-1S
070088	ἐπορεύοντο	V-INI-3P
070144	ἐπορεύετο	V-INI-3S
070156	διερχόμενος	V-PNP-NSM
070210	πορεύεσθαι	V-PNN
070340	πορεύθητι	V-AOM-2S
070357	προσεύχεται	V-PNI-3S
070373	Ἀπεκρίθη	V-ADI-3S
070412	Πορεύου	V-PNM-2S
070473	ἤρχου	V-INI-2S
070624	ἐφοβοῦντο	V-INI-3P
070640	διηγήσατο	V-ADI-3S
070657	ἐπαρρησιάσατο	V-ADI-3S
070667	εἰσπορευόμενος	V-PNP-NSM
070669	ἐκπορευόμενος	V-PNP-NSM
070672	παρρησιαζόμενος	V-PNP-NSM
070719	πορευομένη	V-PNP-NSF
070734	διερχόμενον	V-PNP-ASM
070755	κατακείμενον	V-PNP-ASM
070767	ἰᾶταί	V-PNI-3S
070894	προσηύξατο	V-ADI-3S
070969	φοβούμενος	V-PNP-NSM
070983	δεόμενος	V-PNP-NSM
071078	ἐξηγησάμενος	V-ADP-NSM
071100	προσεύξασθαι	V-ADN
071109	γεύσασθαι	V-ADN
071232	ἐπυνθάνοντο	V-INI-3P
071243	διενθυμουμένου	V-PNP-GSM
071260	πορεύου	V-PNM-2S
071295	φοβούμενος	V-PNP-NSM
071321	Εἰσκαλεσάμενος	V-ADP-NSM
071403	ἐπίστασθε	V-PNI-2P
071411	προσέρχεσθαι	V-PNN
071428	πυνθάνομαι	V-PNI-1S
071448	προσευχόμενος	V-PNP-NSM
071541	φοβούμενος	V-PNP-NSM
071544	ἐργαζόμενος	V-PNP-NSM
071601	ἰώμενος	V-PNP-NSM
071678	διαμαρτύρασθαι	V-ADN
071757	ἀπεκρίθη	V-ADI-3S
071762	δύναται	V-PNI-3S
071809	ἐδέξαντο	V-ADI-3P
071848	προσευχόμενος	V-PNP-NSM
071916	Ἀπεκρίθη	V-ADI-3S
072282	ἔσεσθαι	V-FDN
072374	βουλόμενος	V-PNP-NSM
072394	γινομένη	V-PNP-NSF
072497	γινόμενον	V-PNP-NSN
072588	προσευχόμενοι	V-PNP-NPM
072628	Μαίνῃ	V-PNI-2S
072631	διϊσχυρίζετο	V-INI-3S
072658	διηγήσατο	V-ADI-3S
072678	ἐπορεύθη	V-AOI-3S
072868	προσκέκλημαι	V-RNI-1S
072873	προσευξάμενοι	V-ADP-NPM
072941	προσκαλεσάμενος	V-ADP-NSM
072995	παύσῃ	V-FDI-2S
073011	ἔσῃ	V-FDI-2S
073126	φοβούμενοι	V-PNP-VPM
073281	ἔρχεται	V-PNI-3S
073302	φοβούμενοι	V-PNP-VPM
073503	ἠδυνήθητε	V-AOI-2P
073532	ἐργάζομαι	V-PNI-1S
073545	ἐκδιηγῆται	V-PNS-3S
073570	σεβομένων	V-PNP-GPM
073589	ἐρχομένῳ	V-PNP-DSN
073616	Παρρησιασάμενοί	V-ADP-NPM
073634	ἀπωθεῖσθε	V-PNI-2P
073651	ἐντέταλται	V-RNI-3S
073703	σεβομένας	V-PNP-APF
073791	παρρησιαζόμενοι	V-PNP-NPM
073807	γίνεσθαι	V-PNN
073871	ἐκάθητο	V-INI-3S
073905	ἥλατο	V-ADI-3S
073941	ἡγούμενος	V-PNP-NSM
074022	παρῳχημέναις	V-RNP-DPF
074028	πορεύεσθαι	V-PNN
074150	προσευξάμενοι	V-ADP-NPM
074239	δύνασθε	V-PNI-2P
074283	διήρχοντο	V-INI-3P
074289	ἐκδιηγούμενοι	V-PNP-NPM
074368	ἐπίστασθε	V-PNI-2P
074464	ἐξηγουμένων	V-PNP-GPM
074482	ἀπεκρίθη	V-ADI-3S
074490	ἐξηγήσατο	V-ADI-3S
074495	ἐπεσκέψατο	V-ADI-3S
074637	ἡγουμένους	V-PNP-APM
074831	ἐπισκεψώμεθα	V-ADS-1P
074848	ἐβούλετο	V-INI-3S
074905	διήρχετο	V-INI-3S
074978	διεπορεύοντο	V-INI-3P
075036	πορευθῆναι	V-AON
075086	προσκέκληται	V-RNI-3S
075154	σεβομένη	V-PNP-NSF
075193	παρεβιάσατο	V-ADI-3S
075197	πορευομένων	V-PNP-GPM
075216	μαντευομένη	V-PNP-NSF
075245	διαπονηθεὶς	V-AOP-NSM
075314	παραδέχεσθαι	V-PNN
075361	ἠσφαλίσατο	V-ADI-3S
075373	προσευχόμενοι	V-PNP-NPM
075377	ἐπηκροῶντο	V-INI-3P
075525	ἠγαλλιάσατο	V-ADI-3S
075562	πορεύεσθε	V-PNM-2P
075602	ἐφοβήθησαν	V-AOI-3P
075663	διελέξατο	V-ADI-3S
075706	σεβομένων	V-PNP-GPM
075766	ὑποδέδεκται	V-RNI-3S
075833	ἐδέξαντο	V-ADI-3P
075900	πορεύεσθαι	V-PNN
075942	ἐκδεχομένου	V-PNP-GSM
075957	διελέγετο	V-INI-3S
075967	σεβομένοις	V-PNP-DPM
076021	Δυνάμεθα	V-PNI-1P
076040	βουλόμεθα	V-PNI-1P
076083	διερχόμενος	V-PNP-NSM
076277	Ἀκουσόμεθά	V-FDI-1P
076359	ἠργάζετο	V-INI-3S
076365	Διελέγετο	V-INI-3S
076395	διαμαρτυρόμενος	V-PNP-NSM
076428	πορεύσομαι	V-FDI-1S
076439	σεβομένου	V-PNP-GSM
076480	φοβοῦ	V-PNM-2S
076547	σέβεσθαι	V-PNN
076591	ὄψεσθε	V-FDI-2P
076597	βούλομαι	V-PNI-1S
076662	διελέξατο	V-ADI-3S
076695	ἀσπασάμενος	V-ADP-NSM
076706	διερχόμενος	V-PNP-NSM
076754	ἐπιστάμενος	V-PNP-NSM
076761	ἤρξατο	V-ADI-3S
076762	παρρησιάζεσθαι	V-PNN
076782	Βουλομένου	V-PNP-GSM
076795	ἀποδέξασθαι	V-ADN
076810	διακατηλέγχετο	V-INI-3S
076886	ἐρχόμενον	V-PNP-ASM
076936	ἐπαρρησιάζετο	V-INI-3S
076940	διαλεγόμενος	V-PNP-NSM
076969	διαλεγόμενος	V-PNP-NSM
077031	ἐκπορεύεσθαι	V-PNN
077037	περιερχομένων	V-PNP-GPM
077071	ἀποκριθὲν	V-AOP-NSN
077086	ἐπίσταμαι	V-PNI-1S
077092	ἐφαλόμενος	V-ADP-NSM
077148	ἤρχοντο	V-INI-3P
077202	πορεύεσθαι	V-PNN
077272	ἐπίστασθε	V-PNI-2P
077310	γινόμενοι	V-PNP-NPM
077347	σέβεται	V-PNI-3S
077381	βουλομένου	V-PNP-GSM
077445	ἀπολογεῖσθαι	V-PNN
077563	δυνησόμεθα	V-FDI-1P
077589	ἀσπασάμενος	V-ADP-NSM
077591	πορεύεσθαι	V-PNN
077629	Συνείπετο	V-INI-3S
077693	διελέγετο	V-INI-3S
077715	καθεζόμενος	V-PNP-NSM
077727	διαλεγομένου	V-PNP-GSM
077769	γευσάμενος	V-ADP-NSM
077888	ἐπίστασθε	V-PNI-2P
077939	διαμαρτυρόμενος	V-PNP-NSM
077962	πορεύομαι	V-PNI-1S
077980	διαμαρτύρεταί	V-PNI-3S
078011	διαμαρτύρασθαι	V-ADN
078025	ὄψεσθε	V-FDI-2P
078038	μαρτύρομαι	V-PNI-1S
078093	εἰσελεύσονται	V-FDI-3P
078103	φειδόμενοι	V-PNP-NPM
078149	δυναμένῳ	V-PNP-DSM
078188	ἀντιλαμβάνεσθαι	V-PNN
078217	προσηύξατο	V-ADI-3S
078302	ἀποφορτιζόμενον	V-PNP-NSN
078332	ἐπορευόμεθα	V-INI-1P
078351	προσευξάμενοι	V-ADP-NPM
078376	ἀσπασάμενοι	V-ADP-NPM
078484	ἀπεκρίθη	V-ADI-3S
078523	γινέσθω	V-PNM-3S
078529	ἐπισκευασάμενοι	V-ADP-NPM
078557	ἀπεδέξαντο	V-ADI-3P
078577	ἀσπασάμενος	V-ADP-NSM
078579	ἐξηγεῖτο	V-INI-3S
078648	ἀκούσονται	V-FDI-3P
078675	ξυρήσονται	V-FDI-3P
078679	γνώσονται	V-FDI-3P
078758	θεασάμενοι	V-ADP-NPM
078900	ἐπυνθάνετο	V-INI-3S
078916	δυναμένου	V-PNP-GSM
079018	δέομαι	V-PNI-1S
079138	δεξάμενος	V-ADP-NSM
079144	ἐπορευόμην	V-INI-1S
079158	πορευομένῳ	V-PNP-DSM
079191	ἀπεκρίθην	V-ADI-1S
079215	ἐθεάσαντο	V-ADI-3P
079236	πορεύου	V-PNM-2S
079305	προεχειρίσατό	V-ADI-3S
079323	ἔσῃ	V-FDI-2S
079355	προσευχομένου	V-PNP-GSM
079378	παραδέξονταί	V-FNI-3P
079387	ἐπίστανται	V-PNI-3P
079427	Πορεύου	V-PNM-2S
079546	Ἀπεκρίθη	V-ADI-3S
079556	ἐκτησάμην	V-ADI-1S
079578	ἐφοβήθη	V-AOI-3S
079591	βουλόμενος	V-PNP-NSM
079666	κάθῃ	V-PNI-2S
079781	διεμάχοντο	V-INI-3P
079799	γινομένης	V-PNP-GSF
079801	φοβηθεὶς	V-AOP-NSM
079836	διεμαρτύρω	V-ADI-2S
079889	γεύσασθαι	V-ADN
079945	προσκαλεσάμενος	V-ADP-NSM
079979	προσκαλεσάμενός	V-ADP-NSM
080003	ἐπυνθάνετο	V-INI-3S
080031	πυνθάνεσθαι	V-PNN
080062	προσδεχόμενοι	V-PNP-NPM
080083	προσκαλεσάμενός	V-ADP-NSM
080093	πορευθῶσιν	V-AOS-3P
080190	ἔσεσθαι	V-FDN
080228	ἀπέρχεσθαι	V-PNN
080264	Διακούσομαί	V-FDI-1S
080306	ἤρξατο	V-ADI-3S
080318	γινομένων	V-PNP-GPN
080330	ἀποδεχόμεθα	V-PNI-1P
080384	δυνήσῃ	V-FDI-2S
080404	Ἀπεκρίθη	V-ADI-3S
080422	ἐπιστάμενος	V-PNP-NSM
080427	ἀπολογοῦμαι	V-PNI-1S
080428	δυναμένου	V-PNP-GSM
080453	διαλεγόμενον	V-PNP-ASM
080468	δύνανταί	V-PNI-3P
080512	προσδέχονται	V-PNI-3P
080515	ἔσεσθαι	V-FDN
080629	διαγνώσομαι	V-FDI-1S
080675	διαλεγομένου	V-PNP-GSM
080691	ἀπεκρίθη	V-ADI-3S
080695	πορεύου	V-PNM-2S
080788	ἀπεκρίθη	V-ADI-3S
080799	ἐκπορεύεσθαι	V-PNN
080860	ἀπολογουμένου	V-PNP-GSM
080885	ἀποκριθεὶς	V-AOP-NSM
080931	παραιτοῦμαι	V-PNI-1S
080944	δύναται	V-PNI-3S
080946	χαρίσασθαι	V-ADN
080956	ἀπεκρίθη	V-ADI-3S
080961	πορεύσῃ	V-FDI-2S
080974	ἀσπασάμενοι	V-ADP-NPM
081020	ἀπεκρίθην	V-ADI-1S
081103	βούλοιτο	V-PNO-3S
081104	πορεύεσθαι	V-PNN
081136	Ἐβουλόμην	V-INI-1S
081144	Ἀκούσῃ	V-FDI-2S
081287	ἀπελογεῖτο	V-INI-3S
081296	ἥγημαι	V-RNI-1S
081303	ἀπολογεῖσθαι	V-PNN
081317	δέομαι	V-PNI-1S
081458	ἐμμαινόμενος	V-PNP-NSM
081469	πορευόμενος	V-PNP-NSM
081500	πορευομένους	V-PNP-APM
081660	ἐπειρῶντο	V-INI-3P
081674	μαρτυρόμενος	V-PNP-NSM
081688	γίνεσθαι	V-PNN
081712	ἀπολογουμένου	V-PNP-GSM
081719	Μαίνῃ	V-PNI-2S
081732	μαίνομαι	V-PNI-1S
081741	ἀποφθέγγομαι	V-PNI-1S
081742	ἐπίσταται	V-PNI-3S
081751	παρρησιαζόμενος	V-PNP-NSM
081791	Εὐξαίμην	V-ADO-1S
081833	συνκαθήμενοι	V-PNP-NPM
081858	ἐδύνατο	V-INI-3S
081864	ἐπεκέκλητο	V-LDI-3S
081919	χρησάμενος	V-ADP-NSM
081924	πορευθέντι	V-AOP-DSM
081990	παραλεγόμενοι	V-PNP-NPM
082047	ἔσεσθαι	V-FDN
082080	δύναιντο	V-PNO-3P
082103	παρελέγοντο	V-INI-3P
082124	δυναμένου	V-PNP-GSN
082145	ἐχρῶντο	V-INI-3P
082149	φοβούμενοί	V-PNP-NPM
082191	ἐπικειμένου	V-PNP-GSM
082240	ἔσται	V-FDI-3S
082263	φοβοῦ	V-PNM-2S
082271	κεχάρισταί	V-RNI-3S
082289	ἔσται	V-FDI-3S
082337	φοβούμενοί	V-PNP-NPM
082350	ηὔχοντο	V-INI-3P
082393	δύνασθε	V-PNI-2P
082411	γίνεσθαι	V-PNN
082460	ἤρξατο	V-ADI-3S
082509	ἐβουλεύοντο	V-INI-3P
082511	δύναιντο	V-PNO-3P
082579	βουλόμενος	V-PNP-NSM
082590	δυναμένους	V-PNP-APM
082739	γινόμενον	V-PNP-ASN
082761	ἀναδεξάμενος	V-ADP-NSM
082777	κατακεῖσθαι	V-PNN
082784	προσευξάμενος	V-ADP-NSM
082789	ἰάσατο	V-ADI-3S
082803	προσήρχοντο	V-INI-3P
082955	ἐβούλοντο	V-INI-3P
082999	περίκειμαι	V-PNI-1S
083010	ἐδεξάμεθα	V-ADI-1P
083058	διαμαρτυρόμενος	V-PNP-NSM
083117	Πορεύθητι	V-AOM-2S
083169	ἰάσομαι	V-FDI-1S
083186	ἀκούσονται	V-FDI-3P
083195	ἀπεδέχετο	V-INI-3S
083198	εἰσπορευομένους	V-PNP-APM
083229	προεπηγγείλατο	V-ADI-3S
083360	δεόμενος	V-PNP-NSM
083456	ἐπαισχύνομαι	V-PNI-1S
083490	ζήσεται	V-FDI-3S
083620	ἐσεβάσθησαν	V-ADI-3P
083680	κατεργαζόμενοι	V-PNP-NPM
083798	λογίζῃ	V-PNI-2S
083814	ἐκφεύξῃ	V-FDI-2S
083905	κατεργαζομένου	V-PNP-GSM
083921	ἐργαζομένῳ	V-PNP-DSM
084007	ἀπολογουμένων	V-PNP-GPM
084031	ἐπαναπαύῃ	V-PNI-2S
084034	καυχᾶσαι	V-PNI-2S
084092	βδελυσσόμενος	V-PNP-VSM
084099	καυχᾶσαι	V-PNI-2S
084251	γινέσθω	V-PNM-3S
084351	προεχόμεθα	V-PNI-1P
084354	προῃτιασάμεθα	V-ADI-1P
084596	λογιζόμεθα	V-PNI-1P
084679	ἐργαζομένῳ	V-PNP-DSM
084683	λογίζεται	V-PNI-3S
084692	ἐργαζομένῳ	V-PNP-DSM
084700	λογίζεται	V-PNI-3S
084717	λογίζεται	V-PNI-3S
084736	λογίσηται	V-ADS-3S
084865	κατεργάζεται	V-PNI-3S
084946	ἔσται	V-FDI-3S
084992	ἐπήγγελται	V-RNI-3S
085073	καυχώμεθα	V-PNI-1P
085085	καυχώμεθα	V-PNI-1P
085094	κατεργάζεται	V-PNI-3S
085141	ἀποθανεῖται	V-FDI-3S
085210	καυχώμενοι	V-PNP-NPM
085548	ἐσόμεθα	V-FDI-1P
085614	λογίζεσθε	V-PNM-2P
085795	ἐπαισχύνεσθε	V-PNI-2P
086015	κατειργάσατο	V-ADI-3S
086097	κατεργαζομένη	V-PNP-NSF
086126	κατεργάζομαι	V-PNI-1S
086156	κατεργάζομαι	V-PNI-1S
086181	παράκειταί	V-PNI-3S
086185	κατεργάζεσθαι	V-PNN
086212	κατεργάζομαι	V-PNI-1S
086234	παράκειται	V-PNI-3S
086235	συνήδομαι	V-PNI-1S
086253	ἀντιστρατευόμενον	V-PNP-ASM
086278	ῥύσεται	V-FDI-3S
086431	δύναται	V-PNI-3S
086440	δύνανται	V-PNI-3P
086542	ζήσεσθε	V-FDI-2P
086597	Λογίζομαι	V-PNI-1S
086625	ἀπεκδέχεται	V-PNI-3S
086690	ἀπεκδεχόμενοι	V-PNP-NPM
086719	ἀπεκδεχόμεθα	V-PNI-1P
086725	συναντιλαμβάνεται	V-PNI-3S
086732	προσευξώμεθα	V-ADS-1P
086833	ἐφείσατο	V-ADI-3S
086848	χαρίσεται	V-FDI-3S
086947	δυνήσεται	V-FDI-3S
086967	ψεύδομαι	V-PNI-1S
086987	ηὐχόμην	V-INI-1S
087093	λογίζεται	V-PNI-3S
087105	ἐλεύσομαι	V-FDI-1S
087107	ἔσται	V-FDI-3S
087245	μέμφεται	V-PNI-3S
087259	ἀνταποκρινόμενος	V-PNP-NSM
087362	Ἔσται	V-FDI-3S
087556	ζήσεται	V-FDI-3S
087573	ἀναβήσεται	V-FDI-3S
087583	καταβήσεται	V-FDI-3S
087830	ἀπώσατο	V-ADI-3S
087849	ἀπώσατο	V-ADI-3S
087928	γίνεται	V-PNI-3S
087970	Γενηθήτω	V-AOM-3S
088120	κατακαυχῶ	V-PNM-2S
088125	κατακαυχᾶσαι	V-PNI-2S
088155	φοβοῦ	V-PNM-2S
088165	ἐφείσατο	V-ADI-3S
088170	φείσεται	V-FDI-3S
088276	Ῥυόμενος	V-PNP-NSM
088583	προηγούμενοι	V-PNP-NPM
088618	καταρᾶσθε	V-PNM-2P
088639	γίνεσθε	V-PNM-2P
088748	λήμψονται	V-FDI-3P
088764	φοβεῖσθαι	V-PNN
088788	φοβοῦ	V-PNM-2S
088906	ἐργάζεται	V-PNI-3S
089150	παραστησόμεθα	V-FDI-1P
089212	λογιζομένῳ	V-PNP-DSM
089535	Ἔσται	V-FDI-3S
089593	δυνάμενοι	V-PNP-NPM
089659	κατειργάσατο	V-ADI-3S
089694	φιλοτιμούμενον	V-PNP-ASM
089714	ὄψονται	V-FDI-3P
089750	πορεύωμαι	V-PNS-1S
089756	διαπορευόμενος	V-PNP-NSM
089757	θεάσασθαι	V-ADN
089772	πορεύομαι	V-PNI-1S
089824	ἀπελεύσομαι	V-FDI-1S
089832	ἐρχόμενος	V-PNP-NSM
089839	ἐλεύσομαι	V-FDI-1S
089894	συναναπαύσωμαι	V-ADS-1S
089922	προσδέξησθε	V-ADS-2P
089946	Ἀσπάσασθε	V-ADM-2P
089983	Ἀσπάσασθε	V-ADM-2P
089995	Ἀσπάσασθε	V-ADM-2P
090002	Ἀσπάσασθε	V-ADM-2P
090025	Ἀσπάσασθε	V-ADM-2P
090032	Ἀσπάσασθε	V-ADM-2P
090044	Ἀσπάσασθε	V-ADM-2P
090050	Ἀσπάσασθε	V-ADM-2P
090055	Ἀσπάσασθε	V-ADM-2P
090060	Ἀσπάσασθε	V-ADM-2P
090069	Ἀσπάσασθε	V-ADM-2P
090077	Ἀσπάσασθε	V-ADM-2P
090086	Ἀσπάσασθε	V-ADM-2P
090098	Ἀσπάσασθε	V-ADM-2P
090109	Ἀσπάσασθε	V-ADM-2P
090126	Ἀσπάσασθε	V-ADM-2P
090131	Ἀσπάζονται	V-PNI-3P
090230	Ἀσπάζεται	V-PNI-3S
090245	Ἀσπάζομαι	V-PNI-1S
090255	Ἀσπάζεται	V-PNI-3S
090265	Ἀσπάζεται	V-PNI-3S
090278	δυναμένῳ	V-PNP-DSM
090429	ἀπεκδεχομένους	V-PNP-APM
090794	καυχήσηται	V-ADS-3S
090824	καυχώμενος	V-PNP-NSM
090827	καυχάσθω	V-PNM-3S
091075	δέχεται	V-PNI-3S
091087	δύναται	V-PNI-3S
091119	ἠδυνήθην	V-AOI-1S
091138	ἐδύνασθε	V-INI-2P
091143	δύνασθε	V-PNI-2P
091229	λήμψεται	V-FDI-3S
091268	δύναται	V-PNI-3S
091272	κείμενον	V-PNP-ASM
091295	γενήσεται	V-FDI-3S
091322	λήμψεται	V-FDI-3S
091405	δρασσόμενος	V-PNP-NSM
091425	καυχάσθω	V-PNM-3S
091458	λογιζέσθω	V-PNM-3S
091537	γενήσεται	V-FDI-3S
091586	καυχᾶσαι	V-PNI-2S
091662	ἐργαζόμενοι	V-PNP-NPM
091669	ἀνεχόμεθα	V-PNI-1P
091718	γίνεσθε	V-PNM-2P
091751	ἐρχομένου	V-PNP-GSM
091758	ἐλεύσομαι	V-FDI-1S
091768	γνώσομαι	V-FDI-1S
091855	κατεργασάμενον	V-ADP-ASM
092092	δυνήσεται	V-FDI-3S
092288	Ἔσονται	V-FDI-3P
092494	ἐγκρατεύονται	V-PNI-3P
092664	ἐπισπάσθω	V-PNM-3S
092701	δύνασαι	V-PNI-2S
092705	χρῆσαι	V-ADM-2S
092725	γίνεσθε	V-PNM-2P
092804	φείδομαι	V-PNI-1S
092844	χρώμενοι	V-PNP-NPM
092849	καταχρώμενοι	V-PNP-NPM
092954	γίνεσθαι	V-PNN
093208	κατακείμενον	V-PNP-ASM
093352	ἐργάζεσθαι	V-PNN
093454	ἐχρησάμεθα	V-ADI-1P
093476	ἐργαζόμενοι	V-PNP-NPM
093488	συμμερίζονται	V-PNI-3P
093505	κέχρημαι	V-RNI-1S
093538	ἐπίκειται	V-PNI-3S
093573	καταχρήσασθαι	V-ADN
093680	ἀγωνιζόμενος	V-PNP-NSM
093682	ἐγκρατεύεται	V-PNI-3S
093811	γίνεσθε	V-PNM-2P
093905	δύνασθε	V-PNI-2P
093915	δύνασθαι	V-PNN
094013	γίνεσθαι	V-PNN
094015	δύνασθε	V-PNI-2P
094023	δύνασθε	V-PNI-2P
094086	πορεύεσθαι	V-PNN
094159	γίνεσθε	V-PNM-2P
094185	γίνεσθε	V-PNM-2P
094228	προσευχόμενος	V-PNP-NSM
094241	προσευχομένη	V-PNP-NSF
094371	προσεύχεσθαι	V-PNN
094430	συνέρχεσθε	V-PNI-2P
094434	συνερχομένων	V-PNP-GPM
094462	Συνερχομένων	V-PNP-GPM
094620	ἔσται	V-FDI-3S
094690	συνερχόμενοι	V-PNP-NPM
094695	ἐκδέχεσθε	V-PNM-2P
094706	συνέρχησθε	V-PNS-2P
094713	διατάξομαι	V-FDI-1S
094751	δύναται	V-PNI-3S
094863	βούλεται	V-PNI-3S
095014	δύναται	V-PNI-3S
095245	καυχήσωμαι	V-ADS-1S
095255	χρηστεύεται	V-PNI-3S
095263	περπερεύεται	V-PNI-3S
095275	λογίζεται	V-PNI-3S
095305	παύσονται	V-FDI-3P
095335	ἐλογιζόμην	V-INI-1S
095363	ἐπιγνώσομαι	V-FDI-1S
095513	παρασκευάσεται	V-FDI-3S
095531	ἔσεσθε	V-FDI-2P
095555	ἔσομαι	V-FDI-1S
095584	προσευχέσθω	V-PNM-3S
095589	προσεύχωμαι	V-PNS-1S
095594	προσεύχεται	V-PNI-3S
095604	προσεύξομαι	V-FDI-1S
095607	προσεύξομαι	V-FDI-1S
095684	γίνεσθε	V-PNM-2P
095695	γίνεσθε	V-PNM-2P
095714	εἰσακούσονταί	V-FDI-3P
095760	μαίνεσθε	V-PNI-2P
095783	γίνεται	V-PNI-3S
095805	συνέρχησθε	V-PNS-2P
095820	γινέσθω	V-PNM-3S
095865	καθημένῳ	V-PNP-DSM
095869	δύνασθε	V-PNI-2P
095988	γινέσθω	V-PNM-3S
096485	ἔρχονται	V-PNI-3P
096502	γενησόμενον	V-FDP-ASN
096700	δύναται	V-PNI-3S
096763	γενήσεται	V-FDI-3S
096817	γίνεσθε	V-PNM-2P
096873	γίνωνται	V-PNS-3P
096896	πορεύεσθαι	V-PNN
096899	πορεύσονται	V-FDI-3P
096900	Ἐλεύσομαι	V-FDI-1S
096909	διέρχομαι	V-PNI-1S
096924	πορεύωμαι	V-PNS-1S
096959	ἀντικείμενοι	V-PNP-NPM
096975	ἐργάζεται	V-PNI-3S
096992	ἐκδέχομαι	V-PNI-1S
097021	ἐλεύσεται	V-FDI-3S
097030	ἀνδρίζεσθε	V-PNM-2P
097036	γινέσθω	V-PNM-3S
097097	Ἀσπάζονται	V-PNI-3P
097103	Ἀσπάζεται	V-PNI-3S
097117	Ἀσπάζονται	V-PNI-3P
097122	Ἀσπάσασθε	V-ADM-2P
097228	δύνασθαι	V-PNN
097360	ἐρρύσατο	V-ANI-3S
097363	ῥύσεται	V-FDI-3S
097370	ῥύσεται	V-FDI-3S
097443	ἐπιγνώσεσθε	V-FDI-2P
097469	ἐβουλόμην	V-INI-1S
097500	βουλόμενος	V-PNP-NSM
097505	ἐχρησάμην	V-ADI-1S
097508	βουλεύομαι	V-PNI-1S
097511	βουλεύομαι	V-PNI-1S
097625	φειδόμενος	V-PNP-NSM
097754	χαρίσασθαι	V-ADN
097790	χαρίζεσθε	V-PNI-2P
097796	κεχάρισμαι	V-RNI-1S
097799	κεχάρισμαι	V-RNI-1S
098050	δύνασθαι	V-PNN
098074	ἔσται	V-FDI-3S
098124	χρώμεθα	V-PNI-1P
098185	κεῖται	V-PNI-3S
098380	ἐξαπορούμενοι	V-PNP-NPM
098530	κατεργάζεται	V-PNI-3S
098616	κατεργασάμενος	V-ADP-NSM
098666	φιλοτιμούμεθα	V-PNI-1P
098736	καυχωμένους	V-PNP-APM
098844	λογιζόμενος	V-PNP-NSM
098867	δεόμεθα	V-PNI-1P
098899	δέξασθαι	V-ADN
099063	γίνεσθε	V-PNM-2P
099114	ἔσομαι	V-FDI-1S
099119	ἔσονταί	V-FDI-3P
099136	εἰσδέξομαι	V-FDI-1S
099139	Ἔσομαι	V-FDI-1S
099145	ἔσεσθέ	V-FDI-2P
099294	μεταμέλομαι	V-PNI-1S
099297	μετεμελόμην	V-INI-1S
099339	ἐργάζεται	V-PNI-3S
099346	κατεργάζεται	V-PNI-3S
099356	κατειργάσατο	V-ADI-3S
099436	κεκαύχημαι	V-RNI-1S
099474	ἐδέξασθε	V-ADI-2P
099532	δεόμενοι	V-PNP-NPM
099567	προενήρξατο	V-ADI-3S
099659	προενήρξασθε	V-ADI-2P
099685	πρόκειται	V-PNI-3S
099760	ἐδέξατο	V-ADI-3S
099817	μωμήσηται	V-ADS-3S
099916	καυχῶμαι	V-PNI-1S
099975	ἡγησάμην	V-ADI-1S
099986	προεπηγγελμένην	V-RNP-ASF
100097	κατεργάζεται	V-PNI-3S
100202	δέομαι	V-PNI-1S
100211	λογίζομαι	V-PNI-1S
100216	λογιζομένους	V-PNP-APM
100288	λογιζέσθω	V-PNM-3S
100304	καυχήσωμαι	V-ADS-1S
100351	λογιζέσθω	V-PNM-3S
100396	καυχησόμεθα	V-FDI-1P
100417	ἐφικνούμενοι	V-PNP-NPM
100436	καυχώμενοι	V-PNP-NPM
100468	καυχήσασθαι	V-ADN
100471	καυχώμενος	V-PNP-NSM
100474	καυχάσθω	V-PNM-3S
100513	Φοβοῦμαι	V-PNI-1S
100544	ἐρχόμενος	V-PNP-NSM
100563	ἐδέξασθε	V-ADI-2P
100565	ἀνέχεσθε	V-PNI-2P
100566	Λογίζομαι	V-PNI-1S
100686	καυχῶνται	V-PNI-3P
100727	ἔσται	V-FDI-3S
100753	καυχήσωμαι	V-ADS-1S
100772	καυχῶνται	V-PNI-3P
100776	καυχήσομαι	V-FDI-1S
100779	ἀνέχεσθε	V-PNI-2P
100784	ἀνέχεσθε	V-PNI-2P
100937	καυχᾶσθαι	V-PNN
100943	καυχήσομαι	V-FDI-1S
100960	ψεύδομαι	V-PNI-1S
100988	Καυχᾶσθαι	V-PNN
100993	ἐλεύσομαι	V-FDI-1S
101061	καυχήσομαι	V-FDI-1S
101066	καυχήσομαι	V-FDI-1S
101075	καυχήσασθαι	V-ADN
101077	ἔσομαι	V-FDI-1S
101082	φείδομαι	V-PNI-1S
101088	λογίσηται	V-ADS-3S
101147	καυχήσομαι	V-FDI-1S
101235	χαρίσασθέ	V-ADM-2P
101332	ἀπολογούμεθα	V-PNI-1P
101346	φοβοῦμαι	V-PNI-1S
101402	ἔρχομαι	V-PNI-1S
101437	φείσομαι	V-FDI-1S
101505	γνώσεσθε	V-FDI-2P
101511	Εὐχόμεθα	V-PNI-1P
101559	εὐχόμεθα	V-PNI-1P
101572	χρήσωμαι	V-ADS-1S
101603	ἔσται	V-FDI-3S
101606	Ἀσπάσασθε	V-ADM-2P
101611	Ἀσπάζονται	V-PNI-3P
101955	ψεύδομαι	V-PNI-1S
102208	φοβούμενος	V-PNP-NSM
102418	ἐναρξάμενοι	V-ADP-NPM
102480	προευηγγελίσατο	V-ADI-3S
102542	ζήσεται	V-FDI-3S
102554	ζήσεται	V-FDI-3S
102609	ἐπιδιατάσσεται	V-PNI-3S
102676	κεχάρισται	V-RNI-3S
102693	ἐπήγγελται	V-RNI-3S
102726	δυνάμενος	V-PNP-NSM
102984	φοβοῦμαι	V-PNI-1S
102992	Γίνεσθε	V-PNM-2P
103000	δέομαι	V-PNI-1S
103310	μαρτύρομαι	V-PNI-1S
103340	ἀπεκδεχόμεθα	V-PNI-1P
103493	ἀντίκειται	V-PNI-3S
103593	γινώμεθα	V-PNS-1P
103733	ἐργαζώμεθα	V-PNS-1P
103786	καυχήσωνται	V-ADS-3P
103791	καυχᾶσθαι	V-PNN
104011	ἀνακεφαλαιώσασθαι	V-ADN
104377	ἐπερχομένοις	V-PNP-DPM
104412	καυχήσηται	V-ADS-3S
104669	δύνασθε	V-PNI-2P
104919	δυναμένῳ	V-PNP-DSM
104975	ἀνεχόμενοι	V-PNP-NPM
105141	κλυδωνιζόμενοι	V-PNP-NPM
105208	μαρτύρομαι	V-PNI-1S
105356	ἐργαζόμενος	V-PNP-NSM
105376	ἐκπορευέσθω	V-PNM-3S
105421	γίνεσθε	V-PNM-2P
105427	χαριζόμενοι	V-PNP-NPM
105435	ἐχαρίσατο	V-ADI-3S
105437	Γίνεσθε	V-PNM-2P
105526	ἔρχεται	V-PNI-3S
105538	γίνεσθε	V-PNM-2P
105588	γινόμενα	V-PNP-APN
105646	γίνεσθε	V-PNM-2P
105853	ἔσονται	V-FDI-3P
105891	φοβῆται	V-PNS-3S
105924	ἔσῃ	V-FDI-2S
105997	κομίσεται	V-FDI-3S
106051	δύνασθαι	V-PNN
106098	δυνηθῆτε	V-AOS-2P
106107	κατεργασάμενοι	V-ADP-NPM
106142	δυνήσεσθε	V-FDI-2P
106156	δέξασθε	V-ADM-2P
106171	προσευχόμενοι	V-PNP-NPM
106217	παρρησιάσωμαι	V-ADS-1S
106361	ἐναρξάμενος	V-ADP-NSM
106423	προσεύχομαι	V-PNI-1S
106467	βούλομαι	V-PNI-1S
106537	κεῖμαι	V-PNI-1S
106547	οἰόμενοι	V-PNP-NPM
106577	ἀποβήσεται	V-FDI-3S
106713	πολιτεύεσθε	V-PNM-2P
106745	ἀντικειμένων	V-PNP-GPM
106834	ἡγούμενοι	V-PNP-NPM
106863	ἡγήσατο	V-ADI-3S
106899	ἐχαρίσατο	V-ADI-3S
106960	κατεργάζεσθε	V-PNM-2P
107118	ἐλεύσομαι	V-FDI-1S
107121	ἡγησάμην	V-ADI-1S
107187	προσδέχεσθε	V-PNM-2P
107208	παραβολευσάμενος	V-ADP-NSM
107258	καυχώμενοι	V-PNP-NPM
107314	ἥγημαι	V-RNI-1S
107322	ἡγοῦμαι	V-PNI-1S
107342	ἡγοῦμαι	V-PNI-1S
107421	λογίζομαι	V-PNI-1S
107428	ἐπιλανθανόμενος	V-PNP-NSM
107432	ἐπεκτεινόμενος	V-PNP-NSM
107472	γίνεσθε	V-PNM-2P
107532	ἀπεκδεχόμεθα	V-PNI-1P
107553	δύνασθαι	V-PNN
107692	λογίζεσθε	V-PNM-2P
107711	ἔσται	V-FDI-3S
107731	ἠκαιρεῖσθε	V-INI-2P
107839	δεξάμενος	V-ADP-NSM
107883	Ἀσπάσασθε	V-ADM-2P
107889	Ἀσπάζονται	V-PNI-3P
107895	Ἀσπάζονται	V-PNI-3P
107957	προσευχόμενοι	V-PNP-NPM
107978	ἀποκειμένην	V-PNP-ASF
108059	προσευχόμενοι	V-PNP-NPM
108127	ἐρρύσατο	V-ANI-3S
108444	ἀγωνιζόμενος	V-PNP-NSM
108516	παραλογίζηται	V-PNS-3S
108574	ἔσται	V-FDI-3S
108676	χαρισάμενος	V-ADP-NSM
108702	ἀπεκδυσάμενος	V-ADP-NSM
108805	γεύσῃ	V-ADS-2S
108859	καθήμενος	V-PNP-NSM
108917	ἔρχεται	V-PNI-3S
108954	ψεύδεσθε	V-PNM-2P
108957	ἀπεκδυσάμενοι	V-ADP-NPM
109013	ἀνεχόμενοι	V-PNP-NPM
109016	χαριζόμενοι	V-PNP-NPM
109028	ἐχαρίσατο	V-ADI-3S
109063	γίνεσθε	V-PNM-2P
109175	φοβούμενοι	V-PNP-NPM
109183	ἐργάζεσθε	V-PNM-2P
109194	ἀπολήμψεσθε	V-FDI-2P
109206	κομίσεται	V-FDI-3S
109239	προσευχόμενοι	V-PNP-NPM
109291	ἀποκρίνεσθαι	V-PNN
109342	Ἀσπάζεται	V-PNI-3S
109361	δέξασθε	V-ADM-2P
109384	Ἀσπάζεται	V-PNI-3S
109394	ἀγωνιζόμενος	V-PNP-NSM
109427	Ἀσπάζεται	V-PNI-3S
109436	Ἀσπάσασθε	V-ADM-2P
109607	δεξάμενοι	V-ADP-NPM
109706	ῥυόμενον	V-PNP-ASM
109712	ἐρχομένης	V-PNP-GSF
109735	ἐπαρρησιασάμεθα	V-ADI-1P
109811	δυνάμενοι	V-PNP-NPM
109832	ὁμειρόμενοι	V-PNP-NPM
109864	ἐργαζόμενοι	V-PNP-NPM
109906	παραμυθούμενοι	V-PNP-NPM
109908	μαρτυρόμενοι	V-PNP-NPM
109942	ἐδέξασθε	V-ADI-2P
110149	κείμεθα	V-PNI-1P
110250	δυνάμεθα	V-PNI-1P
110272	δεόμενοι	V-PNP-NPM
110410	κτᾶσθαι	V-PNN
110450	διεμαρτυράμεθα	V-ADI-1P
110519	φιλοτιμεῖσθαι	V-PNN
110526	ἐργάζεσθαι	V-PNN
110596	περιλειπόμενοι	V-POP-NPM
110620	καταβήσεται	V-FDI-3S
110635	περιλειπόμενοι	V-POP-NPM
110653	ἐσόμεθα	V-FDI-1P
110686	ἔρχεται	V-PNI-3S
110831	ἡγεῖσθαι	V-PNN
110850	παραμυθεῖσθε	V-PNM-2P
110853	ἀντέχεσθε	V-PNM-2P
110881	προσεύχεσθε	V-PNM-2P
110950	προσεύχεσθε	V-PNM-2P
110954	Ἀσπάσασθε	V-ADM-2P
111039	ἐνκαυχᾶσθαι	V-PNN
111060	ἀνέχεσθε	V-PNI-2P
111169	προσευχόμεθα	V-PNI-1P
111287	ἀντικείμενος	V-PNP-NSM
111399	ἐδέξαντο	V-ADI-3P
111531	προσεύχεσθε	V-PNM-2P
111637	μιμεῖσθαι	V-PNN
111658	ἐργαζόμενοι	V-PNP-NPM
111678	μιμεῖσθαι	V-PNN
111694	ἐργάζεσθαι	V-PNN
111705	ἐργαζομένους	V-PNP-APM
111707	περιεργαζομένους	V-PNP-APM
111721	ἐργαζόμενοι	V-PNP-NPM
111754	ἡγεῖσθε	V-PNM-2P
111841	πορευόμενος	V-PNP-NSM
111898	διαβεβαιοῦνται	V-PNI-3P
111909	χρῆται	V-PNS-3S
111916	κεῖται	V-PNI-3S
111943	ἀντίκειται	V-PNI-3S
111968	ἡγήσατο	V-ADI-3S
112091	ἀπωσάμενοι	V-ADP-NPM
112191	ψεύδομαι	V-PNI-1S
112198	Βούλομαι	V-PNI-1S
112200	προσεύχεσθαι	V-PNN
112239	ἐπαγγελλομέναις	V-PNP-DPF
112351	ἐπιμελήσεται	V-FDI-3S
112511	ἀποστήσονταί	V-FDI-3P
112569	ἔσῃ	V-FDI-2S
112590	παραιτοῦ	V-PNM-2S
112631	ἀγωνιζόμεθα	V-PNI-1P
112655	γίνου	V-PNM-2S
112669	ἔρχομαι	V-PNI-1S
112815	ἤρνηται	V-RDI-3S
112853	παραιτοῦ	V-PNM-2S
112873	περιερχόμεναι	V-PNP-NPF
112889	Βούλομαι	V-PNI-1S
112899	ἀντικειμένῳ	V-PNP-DSM
112959	παραδέχου	V-PNM-2S
112979	Διαμαρτύρομαι	V-PNI-1S
113015	χρῶ	V-PNM-2S
113050	δύνανται	V-PNI-3P
113062	ἡγείσθωσαν	V-PNM-3P
113094	ἀντιλαμβανόμενοι	V-PNP-NPM
113104	προσέρχεται	V-PNI-3S
113120	ἐπιστάμενος	V-PNP-NSM
113129	γίνεται	V-PNI-3S
113167	δυνάμεθα	V-PNI-1P
113177	βουλόμενοι	V-PNP-NPM
113233	ἀγωνίζου	V-PNM-2S
113318	δύναται	V-PNI-3S
113385	ἐπαγγελλόμενοι	V-PNP-NPM
113520	ἐπαισχυνθῇς	V-AOS-2S
113605	ἐπαισχύνομαι	V-PNI-1S
113681	ἐπαισχύνθη	V-AOI-3S
113737	ἔσονται	V-FDI-3P
113847	ἀρνησόμεθα	V-FDI-1P
113849	ἀρνήσεται	V-FDI-3S
113856	ἀρνήσασθαι	V-ADN
113860	δύναται	V-PNI-3S
113863	διαμαρτυρόμενος	V-PNP-NSM
113985	ἔσται	V-FDI-3S
114023	παραιτοῦ	V-PNM-2S
114033	μάχεσθαι	V-PNN
114076	ἐνστήσονται	V-FDI-3P
114079	ἔσονται	V-FDI-3P
114112	ἠρνημένοι	V-RNP-NPM
114141	δυνάμενα	V-PNP-APN
114174	ἔσται	V-FDI-3S
114219	ἐρρύσατο	V-ANI-3S
114305	Διαμαρτύρομαι	V-PNI-1S
114340	Ἔσται	V-FDI-3S
114348	ἀνέξονται	V-FDI-3P
114400	ἠγώνισμαι	V-RNI-1S
114408	ἀπόκειταί	V-PNI-3S
114452	ἐπορεύθη	V-AOI-3S
114490	ἐρχόμενος	V-PNP-NSM
114537	λογισθείη	V-AOO-3S
114562	ῥύσεταί	V-FDI-3S
114587	Ἄσπασαι	V-ADM-2S
114609	Ἀσπάζεταί	V-PNI-3S
114654	ἐπηγγείλατο	V-ADI-3S
114758	ἀντεχόμενον	V-PNP-ASM
114872	ἀρνοῦνται	V-PNI-3P
115008	ἀρνησάμενοι	V-ADP-NPM
115025	προσδεχόμενοι	V-PNP-NPM
115168	γενηθῶμεν	V-AOS-1P
115179	βούλομαί	V-PNI-1S
115181	διαβεβαιοῦσθαι	V-PNN
115220	παραιτοῦ	V-PNM-2S
115274	Ἀσπάζονταί	V-PNI-3P
115280	Ἄσπασαι	V-ADM-2S
115458	ἐβουλόμην	V-INI-1S
115600	Ἀσπάζεταί	V-PNI-3S
115715	ἔσομαι	V-FDI-1S
115721	ἔσται	V-FDI-3S
115855	Κάθου	V-PNM-2S
115911	ἐκφευξόμεθα	V-FDI-1P
115957	διεμαρτύρατο	V-ADI-3S
115966	μιμνῄσκῃ	V-PNI-2S
115972	ἐπισκέπτῃ	V-PNI-2S
116033	γεύσηται	V-ADS-3S
116074	ἐπαισχύνεται	V-PNI-3S
116094	ἔσομαι	V-FDI-1S
116156	ἐπιλαμβάνεται	V-PNI-3S
116160	ἐπιλαμβάνεται	V-PNI-3S
116191	δύναται	V-PNI-3S
116356	εἰσελεύσονται	V-FDI-3P
116364	ἔσται	V-FDI-3S
116461	εἰσελεύσεσθαι	V-FDN
116474	ἠδυνήθησαν	V-AOI-3P
116478	Φοβηθῶμεν	V-AOS-1P
116513	Εἰσερχόμεθα	V-PNI-1P
116529	εἰσελεύσονται	V-FDI-3P
116540	γενηθέντων	V-AOP-GPN
116567	εἰσελεύσονται	V-FDI-3P
116683	διϊκνούμενος	V-PNP-NSM
116739	δυνάμενον	V-PNP-ASM
116752	προσερχώμεθα	V-PNS-1P
116791	δυνάμενος	V-PNP-NSM
116799	περίκειται	V-PNI-3S
116838	γενηθῆναι	V-AON
116880	δυνάμενον	V-PNP-ASM
117048	γευσαμένους	V-ADP-APM
117056	γενηθέντας	V-AOP-APM
117061	γευσαμένους	V-ADP-APM
117089	ἐρχόμενον	V-PNP-ASM
117189	ἐπαγγειλάμενος	V-ADP-NSM
117235	βουλόμενος	V-PNP-NSM
117258	ψεύσασθαι	V-ADN
117268	προκειμένης	V-PNP-GSF
117281	εἰσερχομένην	V-PNP-ASF
117511	γίνεται	V-PNI-3S
117583	γίνεται	V-PNI-3S
117633	μεταμεληθήσεται	V-FOI-3S
117678	δύναται	V-PNI-3S
117680	προσερχομένους	V-PNP-APM
117883	μεμφόμενος	V-PNP-NSM
117889	ἔρχονται	V-PNI-3P
117944	διαθήσομαι	V-FDI-1S
117968	ἔσομαι	V-FDI-1S
117974	ἔσονταί	V-FDI-3P
118006	ἔσομαι	V-FDI-1S
118192	δυνάμεναι	V-PNP-NPF
118211	ἐπικείμενα	V-PNP-NPN
118394	ἐνετείλατο	V-ADI-3S
118426	γίνεται	V-PNI-3S
118478	εἰσέρχεται	V-PNI-3S
118514	ἀπόκειται	V-PNI-3S
118541	ἀπεκδεχομένοις	V-PNP-DPM
118569	δύναται	V-PNI-3S
118571	προσερχομένους	V-PNP-APM
118605	εἰσερχόμενος	V-PNP-NSM
118706	δύνανται	V-PNI-3P
118726	ἐκδεχόμενος	V-PNP-NSM
118761	διαθήσομαι	V-FDI-1S
118839	προσερχώμεθα	V-PNS-1P
118867	ἐπαγγειλάμενος	V-ADP-NSM
118952	ἡγησάμενος	V-ADP-NSM
119009	γενηθέντες	V-AOP-NPM
119023	προσεδέξασθε	V-ADI-2P
119060	ἐρχόμενος	V-PNP-NSM
119071	ζήσεται	V-FDI-3S
119183	προσερχόμενον	V-PNP-ASM
119193	γίνεται	V-PNI-3S
119201	εὐλαβηθεὶς	V-AOP-NSM
119236	ἐπιστάμενος	V-PNP-NSM
119238	ἔρχεται	V-PNI-3S
119260	ἐξεδέχετο	V-INI-3S
119289	ἡγήσατο	V-ADI-3S
119291	ἐπαγγειλάμενον	V-ADP-ASM
119333	ἀσπασάμενοι	V-ADP-NPM
119373	ἐπαισχύνεται	V-PNI-3S
119397	ἀναδεξάμενος	V-ADP-NSM
119407	λογισάμενος	V-ADP-NSM
119464	ἐνετείλατο	V-ADI-3S
119481	ἐφοβήθησαν	V-AOI-3P
119490	ἠρνήσατο	V-ADI-3S
119497	συνκακουχεῖσθαι	V-PNN
119509	ἡγησάμενος	V-ADP-NSM
119526	φοβηθεὶς	V-AOP-NSM
119586	δεξαμένη	V-ADP-NSF
119598	διηγούμενον	V-PNP-ASM
119616	κατηγωνίσαντο	V-ADI-3P
119618	εἰργάσαντο	V-ADI-3P
119652	προσδεξάμενοι	V-ADP-NPM
119732	περικείμενον	V-PNP-ASN
119747	προκείμενον	V-PNP-ASM
119762	προκειμένης	V-PNP-GSF
119777	ἀναλογίσασθε	V-ADM-2P
119802	ἀνταγωνιζόμενοι	V-PNP-NPM
119811	διαλέγεται	V-PNI-3S
119833	παραδέχεται	V-PNI-3S
119966	ὄψεται	V-FDI-3S
120047	παρῃτήσαντο	V-ADI-3P
120118	παραιτήσησθε	V-ADS-2P
120128	παραιτησάμενοι	V-ADP-NPM
120148	ἐπήγγελται	V-RNI-3S
120207	ἐπιλανθάνεσθε	V-PNM-2P
120215	μιμνῄσκεσθε	V-PNM-2P
120271	φοβηθήσομαι	V-FOI-1S
120278	ἡγουμένων	V-PNP-GPM
120293	μιμεῖσθε	V-PNM-2P
120376	ἐξερχώμεθα	V-PNS-1P
120420	ἐπιλανθάνεσθε	V-PNM-2P
120429	ἡγουμένοις	V-PNP-DPM
120455	Προσεύχεσθε	V-PNM-2P
120535	ἀνέχεσθε	V-PNM-2P
120556	ἔρχηται	V-PNS-3S
120557	ὄψομαι	V-FDI-1S
120559	Ἀσπάσασθε	V-ADM-2P
120562	ἡγουμένους	V-PNP-APM
120568	Ἀσπάζονται	V-PNI-3P
120596	ἡγήσασθε	V-ADM-2P
120610	κατεργάζεται	V-PNI-3S
120662	οἰέσθω	V-PNM-3S
120667	λήμψεταί	V-FDI-3S
120680	Καυχάσθω	V-PNM-3S
120701	παρελεύσεται	V-FDI-3S
120742	λήμψεται	V-FDI-3S
120748	ἐπηγγείλατο	V-ADI-3S
120819	βουληθεὶς	V-AOP-NSM
120858	ἐργάζεται	V-PNI-3S
120868	δέξασθε	V-ADM-2P
120873	δυνάμενον	V-PNP-ASM
120878	Γίνεσθε	V-PNM-2P
120886	παραλογιζόμενοι	V-PNP-NPM
120942	ἔσται	V-FDI-3S
120971	ἐπισκέπτεσθαι	V-PNN
121030	κάθου	V-PNM-2S
121040	Κάθου	V-PNM-2S
121076	ἐπηγγείλατο	V-ADI-3S
121126	ἐργάζεσθε	V-PNI-2P
121183	κατακαυχᾶται	V-PNI-3S
121201	δύναται	V-PNI-3S
121380	ὑποδεξαμένη	V-ADP-NSF
121406	γίνεσθε	V-PNM-2P
121413	λημψόμεθα	V-FDI-1P
121474	βούλεται	V-PNI-3S
121545	δύναται	V-PNI-3S
121562	καταρώμεθα	V-PNI-1P
121574	ἐξέρχεται	V-PNI-3S
121584	γίνεσθαι	V-PNN
121599	δύναται	V-PNI-3S
121642	κατακαυχᾶσθε	V-PNM-2P
121644	ψεύδεσθε	V-PNM-2P
121654	κατερχομένη	V-PNP-NSF
121726	δύνασθε	V-PNI-2P
121728	μάχεσθε	V-PNI-2P
121766	βουληθῇ	V-AOS-3S
121814	φεύξεται	V-FDI-3S
121887	δυνάμενος	V-PNP-NSM
121906	πορευσόμεθα	V-FDI-1P
121916	ἐμπορευσόμεθα	V-FDI-1P
121921	ἐπίστασθε	V-PNI-2P
121956	καυχᾶσθε	V-PNI-2P
121987	ἐπερχομέναις	V-PNP-DPF
122012	ἔσται	V-FDI-3S
122081	ἐκδέχεται	V-PNI-3S
122195	προσευχέσθω	V-PNM-3S
122203	προσκαλεσάσθω	V-ADM-3S
122209	προσευξάσθωσαν	V-ADM-3P
122245	εὔχεσθε	V-PNM-2P
122262	προσηύξατο	V-ADI-3S
122279	προσηύξατο	V-ADI-3S
122411	ἀγαλλιᾶσθε	V-PNI-2P
122457	ἀγαλλιᾶσθε	V-PNI-2P
122496	προμαρτυρόμενον	V-PNP-NSN
122577	γενήθητε	V-AOM-2P
122581	ἔσεσθε	V-FDI-2P
122760	ἐγεύσασθε	V-ADI-2P
122767	προσερχόμενοι	V-PNP-NPM
122990	φοβεῖσθε	V-PNM-2P
123217	φοβούμεναι	V-PNP-NPF
123344	φοβηθῆτε	V-AOS-2P
123431	πορευθεὶς	V-AOP-NSM
123436	ἀπεξεδέχετο	V-INI-3S
123483	πορευθεὶς	V-AOP-NSM
123532	κατειργάσθαι	V-RNN
123533	πεπορευμένους	V-RNP-APM
123674	γινομένῃ	V-PNP-DSF
123696	ἀγαλλιώμενοι	V-PNP-NPM
123780	φανεῖται	V-FDI-3S
123843	γινόμενοι	V-PNP-NPM
123850	κομιεῖσθε	V-FDI-2P
123865	ἐγκομβώσασθε	V-ADM-2P
123908	ὠρυόμενος	V-PNP-NSM
123965	λογίζομαι	V-PNI-1S
123981	Ἀσπάζεται	V-PNI-3S
123992	Ἀσπάσασθε	V-ADM-2P
124223	ἡγοῦμαι	V-PNI-1S
124285	γενηθέντες	V-AOP-NPM
124370	γίνεται	V-PNI-3S
124398	ἔσονται	V-FDI-3P
124409	ἀρνούμενοι	V-PNP-NPM
124433	ἐμπορεύσονται	V-FDI-3P
124453	ἐφείσατο	V-ADI-3S
124466	ἐφείσατο	V-ADI-3S
124500	ἐρρύσατο	V-ANI-3S
124523	ῥύεσθαι	V-PNN
124539	πορευομένους	V-PNP-APM
124589	ἡγούμενοι	V-PNP-NPM
124602	συνευωχούμενοι	V-PNP-NPM
124645	φθεγξάμενον	V-ANP-NSN
124669	φθεγγόμενοι	V-PDP-NPM
124684	ἐπαγγελλόμενοι	V-PNP-NPM
124693	ἥττηται	V-RNI-3S
124715	ἡττῶνται	V-PNI-3P
124798	ἐλεύσονται	V-FDI-3P
124811	πορευόμενοι	V-PNP-NPM
124913	ἡγοῦνται	V-PNI-3P
124938	παρελεύσονται	V-FDI-3P
125017	ἡγεῖσθε	V-PNM-2P
125114	ἐθεασάμεθα	V-ADI-1P
125224	ψευδόμεθα	V-PNI-1P
125660	ἔρχεται	V-PNI-3S
125736	ἀρνούμενος	V-PNP-NSM
125748	ἀρνούμενος	V-PNP-NSM
125756	ἀρνούμενος	V-PNP-NSM
125804	ἐπηγγείλατο	V-ADI-3S
125928	ἐσόμεθα	V-FDI-1P
125935	ἐσόμεθα	V-FDI-1P
125937	ὀψόμεθα	V-FDI-1P
126060	δύναται	V-PNI-3S
126255	γνωσόμεθα	V-FDI-1P
126427	ἔρχεται	V-PNI-3S
126603	τεθέαται	V-RNI-3S
126640	τεθεάμεθα	V-RNI-1P
126752	φοβούμενος	V-PNP-NSM
126794	δύναται	V-PNI-3S
127200	κεῖται	V-PNI-3S
127276	ἔσται	V-FDI-3S
127280	Ἔσται	V-FDI-3S
127372	ἐρχόμενον	V-PNP-ASM
127388	εἰργασάμεθα	V-ADI-1P
127422	ἔρχεται	V-PNI-3S
127457	ἐβουλήθην	V-AOI-1S
127478	Ἀσπάζεταί	V-PNI-3S
127500	εὔχομαί	V-PNI-1S
127513	ἐρχομένων	V-PNP-GPM
127543	ἐργάσῃ	V-ADS-2S
127582	γινώμεθα	V-PNS-1P
127595	ἐπιδέχεται	V-PNI-3S
127618	ἐπιδέχεται	V-PNI-3S
127623	βουλομένους	V-PNP-APM
127632	μιμοῦ	V-PNM-2S
127696	Ἀσπάζονταί	V-PNI-3P
127700	Ἀσπάζου	V-PNM-2S
127745	ἐπαγωνίζεσθαι	V-PNN
127781	ἀρνούμενοι	V-PNP-NPM
127785	βούλομαι	V-PNI-1S
127844	πρόκεινται	V-PNI-3P
127854	ἐνυπνιαζόμενοι	V-PNP-NPM
127873	διελέγετο	V-INI-3S
127902	ἐπίστανται	V-PNI-3P
127913	ἐπορεύθησαν	V-AOI-3P
127935	συνευωχούμενοι	V-PNP-NPM
128018	πορευόμενοι	V-PNP-NPM
128051	ἔσονται	V-FDI-3P
128057	πορευόμενοι	V-PNP-NPM
128080	προσευχόμενοι	V-PNP-NPM
128086	προσδεχόμενοι	V-PNP-NPM
128123	δυναμένῳ	V-PNP-DSM
128244	ἐρχόμενος	V-PNP-NSM
128311	ἔρχεται	V-PNI-3S
128316	ὄψεται	V-FDI-3S
128325	κόψονται	V-FDI-3P
128353	ἐρχόμενος	V-PNP-NSM
128521	ἐκπορευομένη	V-PNP-NSF
128554	φοβοῦ	V-PNM-2S
128673	δύνῃ	V-PNI-2S
128726	ἔρχομαί	V-PNI-1S
128826	φοβοῦ	V-PNM-2S
128846	γίνου	V-PNM-2S
128910	ἠρνήσω	V-ADI-2S
128974	ἔρχομαί	V-PNI-1S
129144	γνώσονται	V-FDI-3P
129287	γίνου	V-PNM-2S
129438	δύναται	V-PNI-3S
129452	ἠρνήσω	V-ADI-2S
129472	ψεύδονται	V-PNI-3P
129507	ἔρχεσθαι	V-PNN
129518	ἔρχομαι	V-PNI-1S
129734	εἰσελεύσομαι	V-FDI-1S
129819	ἔκειτο	V-INI-3S
129827	καθήμενος	V-PNP-NSM
129830	καθήμενος	V-PNP-NSM
129859	καθημένους	V-PNP-APM
129875	ἐκπορεύονται	V-PNI-3P
129949	πετομένῳ	V-PNP-DSM
129990	ἐρχόμενος	V-PNP-NSM
130002	καθημένῳ	V-PNP-DSM
130013	πεσοῦνται	V-FNI-3P
130020	καθημένου	V-PNP-GSM
130078	καθημένου	V-PNP-GSM
130110	ἐδύνατο	V-INI-3S
130215	καθημένου	V-PNP-GSM
130375	καθημένῳ	V-PNP-DSM
130432	Ἔρχου	V-PNM-2S
130441	καθήμενος	V-PNP-NSM
130468	Ἔρχου	V-PNM-2S
130476	καθημένῳ	V-PNP-DSM
130508	Ἔρχου	V-PNM-2S
130517	καθήμενος	V-PNP-NSM
130565	Ἔρχου	V-PNM-2S
130574	καθήμενος	V-PNP-NSM
130804	καθημένου	V-PNP-GSM
130825	δύναται	V-PNI-3S
130999	ἐδύνατο	V-INI-3S
131037	καθημένῳ	V-PNP-DSM
131104	ἀπεκρίθη	V-ADI-3S
131136	ἐρχόμενοι	V-PNP-NPM
131175	καθήμενος	V-PNP-NSM
131518	πετομένου	V-PNP-GSM
131796	ἔρχεται	V-PNI-3S
131888	καθημένους	V-PNP-APM
131911	ἐκπορεύεται	V-PNI-3S
131937	ἐκπορευομένου	V-PNP-GSN
132014	δύνανται	V-PNI-3P
132103	μυκᾶται	V-PNI-3S
132196	ἔσται	V-FDI-3S
132284	ἔσται	V-FDI-3S
132419	ἐκπορεύεται	V-PNI-3S
132673	ἔρχεται	V-PNI-3S
132716	καθήμενοι	V-PNP-NPM
132781	φοβουμένοις	V-PNP-DPM
133168	πέτηται	V-PNS-3S
133376	δύναται	V-PNI-3S
133671	δύνηται	V-PNS-3S
133792	ἐδύνατο	V-INI-3S
133851	πετόμενον	V-PNP-ASM
133860	καθημένους	V-PNP-APM
133878	Φοβήθητε	V-AOM-2P
133963	πίεται	V-FDI-3S
134087	καθήμενον	V-PNP-ASM
134117	καθημένῳ	V-PNP-DSM
134141	καθήμενος	V-PNP-NSM
134362	φοβηθῇ	V-AOS-3S
134467	ἐδύνατο	V-INI-3S
134691	ἐμασῶντο	V-INI-3P
134780	ἐκπορεύεται	V-PNI-3S
134801	ἔρχομαι	V-PNI-1S
134977	καθημένης	V-PNP-GSF
135010	καθημένην	V-PNP-ASF
135174	παρέσται	V-FDI-3S
135190	κάθηται	V-PNI-3S
135307	κάθηται	V-PNI-3S
135560	Κάθημαι	V-PNI-1S
135600	κόψονται	V-FDI-3P
135769	στήσονται	V-FDI-3P
135824	ἐργάζονται	V-PNI-3P
136103	καθημένῳ	V-PNP-DSM
136127	φοβούμενοι	V-PNP-VPM
136268	καθήμενος	V-PNP-NSM
136339	ἐκπορεύεται	V-PNI-3S
136405	πετομένοις	V-PNP-DPN
136432	καθημένων	V-PNP-GPM
136465	καθημένου	V-PNP-GSM
136525	καθημένου	V-PNP-GSM
136706	ἔσονται	V-FDI-3P
136734	ἐξελεύσεται	V-FDI-3S
136828	καθήμενον	V-PNP-ASM
137019	ἔσονται	V-FDI-3P
137026	ἔσται	V-FDI-3S
137041	ἔσται	V-FDI-3S
137050	ἔσται	V-FDI-3S
137059	καθήμενος	V-PNP-NSM
137111	ἔσομαι	V-FDI-1S
137116	ἔσται	V-FDI-3S
137316	κεῖται	V-PNI-3S
137524	ἔσται	V-FDI-3S
137571	ἐκπορευόμενον	V-PNP-ASM
137616	ἔσται	V-FDI-3S
137628	ἔσται	V-FDI-3S
137636	ὄψονται	V-FDI-3P
137651	ἔσται	V-FDI-3S
137709	ἔρχομαι	V-PNI-1S
137807	ἔρχομαι	V-PNI-1S
137845	ἔσται	V-FDI-3S
137915	Ἔρχου	V-PNM-2S
137920	Ἔρχου	V-PNM-2S
137924	ἐρχέσθω	V-PNM-3S
138001	ἔρχομαι	V-PNI-1S
138004	ἔρχου	V-PNM-2S
